EID,UID,Treatment,Dish Number,Date.Laid,Hatch.Ok,Date.Hatched,Time.Hatch,Block
0001,16.1.0001,16,1,6/28/2023,yes,7/4/2023,6,1
0002,16.1.0002,16,1,6/28/2023,yes,7/5/2023,7,1
0003,16.1.0003,16,1,6/28/2023,yes,7/5/2023,7,1
0004,16.1.0004,16,1,6/28/2023,yes,7/5/2023,7,1
0005,16.1.0005,16,1,6/28/2023,yes,7/5/2023,7,1
0006,16.1.0006,16,1,6/28/2023,yes,7/5/2023,7,1
0007,16.1.0007,16,1,6/28/2023,yes,7/5/2023,7,1
0008,16.1.0008,16,1,6/28/2023,yes,7/5/2023,7,1
0009,16.1.0009,16,1,6/28/2023,yes,7/5/2023,7,1
0010,16.1.0010,16,1,6/28/2023,yes,7/5/2023,7,1
0011,16.1.0011,16,1,6/28/2023,yes,7/6/2023,8,1
0012,16.1.0012,16,1,6/28/2023,yes,7/6/2023,8,1
0013,16.1.0013,16,1,6/28/2023,yes,7/6/2023,8,1
0014,16.1.0014,16,1,6/28/2023,yes,7/6/2023,8,1
0015,16.1.0015,16,1,6/28/2023,yes,7/6/2023,8,1
0016,16.1.0016,16,1,6/28/2023,yes,7/6/2023,8,1
0017,16.1.0017,16,1,6/28/2023,yes,7/6/2023,8,1
0018,16.1.0018,16,1,6/28/2023,yes,7/6/2023,8,1
0019,16.1.0019,16,1,6/28/2023,yes,7/6/2023,8,1
0020,16.1.0020,16,1,6/28/2023,yes,7/6/2023,8,1
0021,16.1.0021,16,1,6/28/2023,yes,7/8/2023,10,1
0022,16.1.0022,16,1,6/28/2023,no,,,1
0023,16.1.0023,16,1,6/28/2023,no,,,1
0024,16.1.0024,16,1,6/28/2023,no,,,1
0025,16.1.0025,16,1,6/28/2023,no,,,1
0026,16.1.0026,16,1,6/28/2023,no,,,1
0027,16.2.0027,16,2,6/28/2023,yes,7/4/2023,6,1
0028,16.2.0028,16,2,6/28/2023,yes,7/4/2023,6,1
0029,16.2.0029,16,2,6/28/2023,yes,7/4/2023,6,1
0030,16.2.0030,16,2,6/28/2023,yes,7/5/2023,7,1
0031,16.2.0031,16,2,6/28/2023,yes,7/5/2023,7,1
0032,16.2.0032,16,2,6/28/2023,yes,7/5/2023,7,1
0033,16.2.0033,16,2,6/28/2023,yes,7/5/2023,7,1
0034,16.2.0034,16,2,6/28/2023,no,7/6/2023,8,1
0035,16.2.0035,16,2,6/28/2023,no,7/6/2023,8,1
0036,16.2.0036,16,2,6/28/2023,no,7/6/2023,8,1
0037,16.2.0037,16,2,6/28/2023,no,7/6/2023,8,1
0038,16.2.0038,16,2,6/28/2023,no,7/6/2023,8,1
0039,16.2.0039,16,2,6/28/2023,no,7/6/2023,8,1
0040,16.2.0040,16,2,6/28/2023,no,7/6/2023,8,1
0041,16.2.0041,16,2,6/28/2023,no,7/6/2023,8,1
0042,16.2.0042,16,2,6/28/2023,no,7/6/2023,8,1
0043,16.2.0043,16,2,6/28/2023,no,,,1
0044,16.2.0044,16,2,6/28/2023,no,,,1
0045,16.2.0045,16,2,6/28/2023,no,,,1
0046,16.2.0046,16,2,6/28/2023,no,,,1
0047,16.2.0047,16,2,6/28/2023,no,,,1
0048,16.2.0048,16,2,6/28/2023,no,,,1
0049,16.3.0049,16,3,6/27/2023,no,7/2/2023,5,1
0050,16.3.0050,16,3,6/27/2023,no,7/3/2023,6,1
0051,16.3.0051,16,3,6/27/2023,no,7/4/2023,7,1
0052,16.3.0052,16,3,6/27/2023,no,7/4/2023,7,1
0053,16.3.0053,16,3,6/27/2023,no,7/4/2023,7,1
0054,16.3.0054,16,3,6/27/2023,no,7/4/2023,7,1
0055,16.3.0055,16,3,6/27/2023,no,7/5/2023,8,1
0056,16.3.0056,16,3,6/27/2023,no,7/5/2023,8,1
0057,16.3.0057,16,3,6/27/2023,no,7/5/2023,8,1
0058,16.3.0058,16,3,6/27/2023,no,7/5/2023,8,1
0059,16.3.0059,16,3,6/27/2023,no,,,1
0060,16.3.0060,16,3,6/27/2023,no,,,1
0061,16.3.0061,16,3,6/27/2023,no,,,1
0062,16.3.0062,16,3,6/27/2023,no,,,1
0063,16.3.0063,16,3,6/27/2023,no,,,1
0064,16.3.0064,16,3,6/27/2023,no,,,1
0065,16.3.0065,16,3,6/27/2023,no,,,1
0066,16.3.0066,16,3,6/27/2023,no,,,1
0067,16.3.0067,16,3,6/27/2023,no,,,1
0068,16.3.0068,16,3,6/27/2023,no,,,1
0069,16.3.0069,16,3,6/27/2023,no,,,1
0070,21.1.0070,21,1,6/27/2023,no,7/2/2023,5,1
0071,21.1.0071,21,1,6/27/2023,no,7/2/2023,5,1
0072,21.1.0072,21,1,6/27/2023,no,7/2/2023,5,1
0073,21.1.0073,21,1,6/27/2023,no,7/2/2023,5,1
0074,21.1.0074,21,1,6/27/2023,no,7/2/2023,5,1
0075,21.1.0075,21,1,6/27/2023,no,7/2/2023,5,1
0076,21.1.0076,21,1,6/27/2023,no,7/2/2023,5,1
0077,21.1.0077,21,1,6/27/2023,no,7/2/2023,5,1
0078,21.1.0078,21,1,6/27/2023,no,7/2/2023,5,1
0079,21.1.0079,21,1,6/27/2023,no,7/2/2023,5,1
0080,21.1.0080,21,1,6/27/2023,no,7/2/2023,5,1
0081,21.1.0081,21,1,6/27/2023,no,7/2/2023,5,1
0082,21.1.0082,21,1,6/27/2023,no,7/2/2023,5,1
0083,21.1.0083,21,1,6/27/2023,no,7/3/2023,6,1
0084,21.1.0084,21,1,6/27/2023,no,7/3/2023,6,1
0085,21.1.0085,21,1,6/27/2023,no,7/4/2023,7,1
0086,21.1.0086,21,1,6/27/2023,no,7/4/2023,7,1
0087,21.1.0087,21,1,6/27/2023,no,,,1
0088,21.1.0088,21,1,6/27/2023,no,,,1
0089,21.1.0089,21,1,6/27/2023,no,,,1
0090,21.1.0090,21,1,6/27/2023,no,,,1
0091,21.2.0091,21,2,6/28/2023,no,7/2/2023,4,1
0092,21.2.0092,21,2,6/28/2023,no,7/2/2023,4,1
0093,21.2.0093,21,2,6/28/2023,no,7/2/2023,4,1
0094,21.2.0094,21,2,6/28/2023,no,7/2/2023,4,1
0095,21.2.0095,21,2,6/28/2023,no,7/2/2023,4,1
0096,21.2.0096,21,2,6/28/2023,no,7/3/2023,5,1
0097,21.2.0097,21,2,6/28/2023,no,7/3/2023,5,1
0098,21.2.0098,21,2,6/28/2023,no,7/3/2023,5,1
0099,21.2.0099,21,2,6/28/2023,no,7/4/2023,6,1
0100,21.2.0100,21,2,6/28/2023,no,7/4/2023,6,1
0101,21.2.0101,21,2,6/28/2023,no,,,1
0102,21.2.0102,21,2,6/28/2023,no,,,1
0103,21.2.0103,21,2,6/28/2023,no,,,1
0104,21.2.0104,21,2,6/28/2023,no,,,1
0105,21.2.0105,21,2,6/28/2023,no,,,1
0106,21.2.0106,21,2,6/28/2023,no,,,1
0107,21.2.0107,21,2,6/28/2023,no,,,1
0108,21.2.0108,21,2,6/28/2023,no,,,1
0109,21.2.0109,21,2,6/28/2023,no,,,1
0110,21.2.0110,21,2,6/28/2023,no,,,1
0111,21.2.0111,21,2,6/28/2023,no,,,1
0112,21.2.0112,21,2,6/28/2023,no,,,1
0113,21.2.0113,21,2,6/28/2023,no,,,1
0114,21.2.0114,21,2,6/28/2023,no,,,1
0115,21.2.0115,21,2,6/28/2023,no,,,1
0116,21.2.0116,21,2,6/28/2023,no,,,1
0117,21.2.0117,21,2,6/28/2023,no,,,1
0118,21.2.0118,21,2,6/28/2023,no,,,1
0119,21.2.0119,21,2,6/28/2023,no,,,1
0120,21.2.0120,21,2,6/28/2023,no,,,1
0121,21.3.0121,21,3,6/28/2023,no,7/2/2023,4,1
0122,21.3.0122,21,3,6/28/2023,no,7/2/2023,4,1
0123,21.3.0123,21,3,6/28/2023,no,7/2/2023,4,1
0124,21.3.0124,21,3,6/28/2023,no,7/2/2023,4,1
0125,21.3.0125,21,3,6/28/2023,no,,,1
0126,21.3.0126,21,3,6/28/2023,no,,,1
0127,21.3.0127,21,3,6/28/2023,no,,,1
0128,21.3.0128,21,3,6/28/2023,no,,,1
0129,21.3.0129,21,3,6/28/2023,no,,,1
0130,21.3.0130,21,3,6/28/2023,no,,,1
0131,21.3.0131,21,3,6/28/2023,no,,,1
0132,21.3.0132,21,3,6/28/2023,no,,,1
0133,21.3.0133,21,3,6/28/2023,no,,,1
0134,21.3.0134,21,3,6/28/2023,no,,,1
0135,21.3.0135,21,3,6/28/2023,no,,,1
0136,21.3.0136,21,3,6/28/2023,no,,,1
0137,21.3.0137,21,3,6/28/2023,no,,,1
0138,21.3.0138,21,3,6/28/2023,no,,,1
0139,21.3.0139,21,3,6/28/2023,no,,,1
0140,21.3.0140,21,3,6/28/2023,no,,,1
0141,21.3.0141,21,3,6/28/2023,no,,,1
0142,21.3.0142,21,3,6/28/2023,no,,,1
0143,21.3.0143,21,3,6/28/2023,no,,,1
0144,26.1.0144,26,1,6/28/2023,no,7/1/2023,3,1
0145,26.1.0145,26,1,6/28/2023,no,7/1/2023,3,1
0146,26.1.0146,26,1,6/28/2023,no,7/1/2023,3,1
0147,26.1.0147,26,1,6/28/2023,no,7/2/2023,4,1
0148,26.1.0148,26,1,6/28/2023,no,7/2/2023,4,1
0149,26.1.0149,26,1,6/28/2023,no,,,1
0150,26.1.0150,26,1,6/28/2023,no,,,1
0151,26.1.0151,26,1,6/28/2023,no,,,1
0152,26.1.0152,26,1,6/28/2023,no,,,1
0153,26.1.0153,26,1,6/28/2023,no,,,1
0154,26.1.0154,26,1,6/28/2023,no,,,1
0155,26.1.0155,26,1,6/28/2023,no,,,1
0156,26.1.0156,26,1,6/28/2023,no,,,1
0157,26.1.0157,26,1,6/28/2023,no,,,1
0158,26.1.0158,26,1,6/28/2023,no,,,1
0159,26.1.0159,26,1,6/28/2023,no,,,1
0160,26.1.0160,26,1,6/28/2023,no,,,1
0161,26.1.0161,26,1,6/28/2023,no,,,1
0162,26.1.0162,26,1,6/28/2023,no,,,1
0163,26.1.0163,26,1,6/28/2023,no,,,1
0164,26.1.0164,26,1,6/28/2023,no,,,1
0165,26.1.0165,26,1,6/28/2023,no,,,1
0166,26.1.0166,26,1,6/28/2023,no,,,1
0167,26.2.0167,26,2,6/27/2023,no,7/1/2023,4,1
0168,26.2.0168,26,2,6/27/2023,no,7/1/2023,4,1
0169,26.2.0169,26,2,6/27/2023,no,7/1/2023,4,1
0170,26.2.0170,26,2,6/27/2023,no,7/1/2023,4,1
0171,26.2.0171,26,2,6/27/2023,no,7/2/2023,5,1
0172,26.2.0172,26,2,6/27/2023,no,7/2/2023,5,1
0173,26.2.0173,26,2,6/27/2023,no,7/3/2023,6,1
0174,26.2.0174,26,2,6/27/2023,no,,,1
0175,26.2.0175,26,2,6/27/2023,no,,,1
0176,26.2.0176,26,2,6/27/2023,no,,,1
0177,26.2.0177,26,2,6/27/2023,no,,,1
0178,26.2.0178,26,2,6/27/2023,no,,,1
0179,26.2.0179,26,2,6/27/2023,no,,,1
0180,26.2.0180,26,2,6/27/2023,no,,,1
0181,26.2.0181,26,2,6/27/2023,no,,,1
0182,26.2.0182,26,2,6/27/2023,no,,,1
0183,26.2.0183,26,2,6/27/2023,no,,,1
0184,26.2.0184,26,2,6/27/2023,no,,,1
0185,26.2.0185,26,2,6/27/2023,no,,,1
0186,26.2.0186,26,2,6/27/2023,no,,,1
0187,26.2.0187,26,2,6/27/2023,no,,,1
0188,26.2.0188,26,2,6/27/2023,no,,,1
0189,26.2.0189,26,2,6/27/2023,no,,,1
0190,26.3.0190,26,3,6/28/2023,no,7/2/2023,4,1
0191,26.3.0191,26,3,6/28/2023,no,7/3/2023,5,1
0192,26.3.0192,26,3,6/28/2023,no,7/3/2023,5,1
0193,26.3.0193,26,3,6/28/2023,no,,,1
0194,26.3.0194,26,3,6/28/2023,no,,,1
0195,26.3.0195,26,3,6/28/2023,no,,,1
0196,26.3.0196,26,3,6/28/2023,no,,,1
0197,26.3.0197,26,3,6/28/2023,no,,,1
0198,26.3.0198,26,3,6/28/2023,no,,,1
0199,26.3.0199,26,3,6/28/2023,no,,,1
0200,26.3.0200,26,3,6/28/2023,no,,,1
0201,26.3.0201,26,3,6/28/2023,no,,,1
0202,26.3.0202,26,3,6/28/2023,no,,,1
0203,26.3.0203,26,3,6/28/2023,no,,,1
0204,26.3.0204,26,3,6/28/2023,no,,,1
0205,26.3.0205,26,3,6/28/2023,no,,,1
0206,26.3.0206,26,3,6/28/2023,no,,,1
0207,26.3.0207,26,3,6/28/2023,no,,,1
0208,26.3.0208,26,3,6/28/2023,no,,,1
0209,26.3.0209,26,3,6/28/2023,no,,,1
0210,26.3.0210,26,3,6/28/2023,no,,,1
0211,26.3.0211,26,3,6/28/2023,no,,,1
0212,26.3.0212,26,3,6/28/2023,no,,,1
0213,26.3.0213,26,3,6/28/2023,no,,,1
0214,26.3.0214,26,3,6/28/2023,no,,,1
0215,26.3.0215,26,3,6/28/2023,no,,,1
0216,30.1.0216,30,1,6/28/2023,no,7/1/2023,3,1
0217,30.1.0217,30,1,6/28/2023,no,7/1/2023,3,1
0218,30.1.0218,30,1,6/28/2023,no,7/1/2023,3,1
0219,30.1.0219,30,1,6/28/2023,no,7/2/2023,4,1
0220,30.1.0220,30,1,6/28/2023,no,,,1
0221,30.1.0221,30,1,6/28/2023,no,,,1
0222,30.1.0222,30,1,6/28/2023,no,,,1
0223,30.1.0223,30,1,6/28/2023,no,,,1
0224,30.1.0224,30,1,6/28/2023,no,,,1
0225,30.1.0225,30,1,6/28/2023,no,,,1
0226,30.1.0226,30,1,6/28/2023,no,,,1
0227,30.1.0227,30,1,6/28/2023,no,,,1
0228,30.1.0228,30,1,6/28/2023,no,,,1
0229,30.1.0229,30,1,6/28/2023,no,,,1
0230,30.1.0230,30,1,6/28/2023,no,,,1
0231,30.1.0231,30,1,6/28/2023,no,,,1
0232,30.1.0232,30,1,6/28/2023,no,,,1
0233,30.1.0233,30,1,6/28/2023,no,,,1
0234,30.1.0234,30,1,6/28/2023,no,,,1
0235,30.1.0235,30,1,6/28/2023,no,,,1
0236,30.1.0236,30,1,6/28/2023,no,,,1
0237,30.1.0237,30,1,6/28/2023,no,,,1
0238,30.1.0238,30,1,6/28/2023,no,,,1
0239,30.1.0239,30,1,6/28/2023,no,,,1
0240,30.1.0240,30,1,6/28/2023,no,,,1
0241,30.2.0241,30,2,6/28/2023,no,6/30/2023,2,1
0242,30.2.0242,30,2,6/28/2023,no,6/30/2023,2,1
0243,30.2.0243,30,2,6/28/2023,no,7/1/2023,3,1
0244,30.2.0244,30,2,6/28/2023,no,7/1/2023,3,1
0245,30.2.0245,30,2,6/28/2023,no,7/1/2023,3,1
0246,30.2.0246,30,2,6/28/2023,no,7/1/2023,3,1
0247,30.2.0247,30,2,6/28/2023,no,7/1/2023,3,1
0248,30.2.0248,30,2,6/28/2023,no,7/1/2023,3,1
0249,30.2.0249,30,2,6/28/2023,no,7/1/2023,3,1
0250,30.2.0250,30,2,6/28/2023,no,7/1/2023,3,1
0251,30.2.0251,30,2,6/28/2023,no,7/1/2023,3,1
0252,30.2.0252,30,2,6/28/2023,no,7/1/2023,3,1
0253,30.2.0253,30,2,6/28/2023,no,7/1/2023,3,1
0254,30.2.0254,30,2,6/28/2023,no,7/1/2023,3,1
0255,30.2.0255,30,2,6/28/2023,no,7/1/2023,3,1
0256,30.2.0256,30,2,6/28/2023,no,7/1/2023,3,1
0257,30.2.0257,30,2,6/28/2023,no,,,1
0258,30.2.0258,30,2,6/28/2023,no,,,1
0259,30.2.0259,30,2,6/28/2023,no,,,1
0260,30.2.0260,30,2,6/28/2023,no,,,1
0261,30.3.0261,30,3,6/27/2023,no,6/30/2023,3,1
0262,30.3.0262,30,3,6/27/2023,no,6/30/2023,3,1
0263,30.3.0263,30,3,6/27/2023,no,6/30/2023,3,1
0264,30.3.0264,30,3,6/27/2023,no,6/30/2023,3,1
0265,30.3.0265,30,3,6/27/2023,no,6/30/2023,3,1
0266,30.3.0266,30,3,6/27/2023,no,6/30/2023,3,1
0267,30.3.0267,30,3,6/27/2023,no,6/30/2023,3,1
0268,30.3.0268,30,3,6/27/2023,no,6/30/2023,3,1
0269,30.3.0269,30,3,6/27/2023,no,6/30/2023,3,1
0270,30.3.0270,30,3,6/27/2023,no,6/30/2023,3,1
0271,30.3.0271,30,3,6/27/2023,no,6/30/2023,3,1
0272,30.3.0272,30,3,6/27/2023,no,6/30/2023,3,1
0273,30.3.0273,30,3,6/27/2023,no,6/30/2023,3,1
0274,30.3.0274,30,3,6/27/2023,no,6/30/2023,3,1
0275,30.3.0275,30,3,6/27/2023,no,6/30/2023,3,1
0276,30.3.0276,30,3,6/27/2023,no,6/30/2023,3,1
0277,30.3.0277,30,3,6/27/2023,no,6/30/2023,3,1
0278,30.3.0278,30,3,6/27/2023,no,,,1
0279,30.3.0279,30,3,6/27/2023,no,,,1
0280,30.3.0280,30,3,6/27/2023,no,,,1
0281,30.3.0281,30,3,6/27/2023,no,,,1
0282,34.1.0282,34,1,6/28/2023,no,,,1
0283,34.1.0283,34,1,6/28/2023,no,,,1
0284,34.1.0284,34,1,6/28/2023,no,,,1
0285,34.1.0285,34,1,6/28/2023,no,,,1
0286,34.1.0286,34,1,6/28/2023,no,,,1
0287,34.1.0287,34,1,6/28/2023,no,,,1
0288,34.1.0288,34,1,6/28/2023,no,,,1
0289,34.1.0289,34,1,6/28/2023,no,,,1
0290,34.1.0290,34,1,6/28/2023,no,,,1
0291,34.1.0291,34,1,6/28/2023,no,,,1
0292,34.1.0292,34,1,6/28/2023,no,,,1
0293,34.1.0293,34,1,6/28/2023,no,,,1
0294,34.1.0294,34,1,6/28/2023,no,,,1
0295,34.1.0295,34,1,6/28/2023,no,,,1
0296,34.1.0296,34,1,6/28/2023,no,,,1
0297,34.1.0297,34,1,6/28/2023,no,,,1
0298,34.1.0298,34,1,6/28/2023,no,,,1
0299,34.1.0299,34,1,6/28/2023,no,,,1
0300,34.1.0300,34,1,6/28/2023,no,,,1
0301,34.1.0301,34,1,6/28/2023,no,,,1
0302,34.1.0302,34,1,6/28/2023,no,,,1
0303,34.1.0303,34,1,6/28/2023,no,,,1
0304,34.1.0304,34,1,6/28/2023,no,,,1
0305,34.2.0305,34,2,6/28/2023,no,,,1
0306,34.2.0306,34,2,6/28/2023,no,,,1
0307,34.2.0307,34,2,6/28/2023,no,,,1
0308,34.2.0308,34,2,6/28/2023,no,,,1
0309,34.2.0309,34,2,6/28/2023,no,,,1
0310,34.2.0310,34,2,6/28/2023,no,,,1
0311,34.2.0311,34,2,6/28/2023,no,,,1
0312,34.2.0312,34,2,6/28/2023,no,,,1
0313,34.2.0313,34,2,6/28/2023,no,,,1
0314,34.2.0314,34,2,6/28/2023,no,,,1
0315,34.2.0315,34,2,6/28/2023,no,,,1
0316,34.2.0316,34,2,6/28/2023,no,,,1
0317,34.2.0317,34,2,6/28/2023,no,,,1
0318,34.2.0318,34,2,6/28/2023,no,,,1
0319,34.2.0319,34,2,6/28/2023,no,,,1
0320,34.2.0320,34,2,6/28/2023,no,,,1
0321,34.2.0321,34,2,6/28/2023,no,,,1
0322,34.2.0322,34,2,6/28/2023,no,,,1
0323,34.2.0323,34,2,6/28/2023,no,,,1
0324,34.2.0324,34,2,6/28/2023,no,,,1
0325,34.2.0325,34,2,6/28/2023,no,,,1
0326,34.2.0326,34,2,6/28/2023,no,,,1
0327,34.2.0327,34,2,6/28/2023,no,,,1
0328,34.2.0328,34,2,6/28/2023,no,,,1
0329,34.3.0329,34,3,6/27/2023,no,,,1
0330,34.3.0330,34,3,6/27/2023,no,,,1
0331,34.3.0331,34,3,6/27/2023,no,,,1
0332,34.3.0332,34,3,6/27/2023,no,,,1
0333,34.3.0333,34,3,6/27/2023,no,,,1
0334,34.3.0334,34,3,6/27/2023,no,,,1
0335,34.3.0335,34,3,6/27/2023,no,,,1
0336,34.3.0336,34,3,6/27/2023,no,,,1
0337,34.3.0337,34,3,6/27/2023,no,,,1
0338,34.3.0338,34,3,6/27/2023,no,,,1
0339,34.3.0339,34,3,6/27/2023,no,,,1
0340,34.3.0340,34,3,6/27/2023,no,,,1
0341,34.3.0341,34,3,6/27/2023,no,,,1
0342,34.3.0342,34,3,6/27/2023,no,,,1
0343,34.3.0343,34,3,6/27/2023,no,,,1
0344,34.3.0344,34,3,6/27/2023,no,,,1
0345,34.3.0345,34,3,6/27/2023,no,,,1
0346,34.3.0346,34,3,6/27/2023,no,,,1
0347,34.3.0347,34,3,6/27/2023,no,,,1
0348,34.3.0348,34,3,6/27/2023,no,,,1
0349,34.3.0349,34,3,6/27/2023,no,,,1
0350,16.1.0350,16,1,7/12/2023,yes,7/15/2023,3,2
0351,16.1.0351,16,1,7/12/2023,yes,7/15/2023,3,2
0352,16.1.0352,16,1,7/12/2023,yes,7/18/2023,6,2
0353,16.1.0353,16,1,7/12/2023,yes,7/18/2023,6,2
0354,16.1.0354,16,1,7/12/2023,yes,7/18/2023,6,2
0355,16.1.0355,16,1,7/12/2023,yes,7/18/2023,6,2
0356,16.1.0356,16,1,7/12/2023,yes,7/18/2023,6,2
0357,16.1.0357,16,1,7/12/2023,yes,7/18/2023,6,2
0358,16.1.0358,16,1,7/12/2023,yes,7/18/2023,6,2
0359,16.1.0359,16,1,7/12/2023,yes,7/18/2023,6,2
0360,16.1.0360,16,1,7/12/2023,yes,7/18/2023,6,2
0361,16.1.0361,16,1,7/12/2023,yes,7/18/2023,6,2
0362,16.1.0362,16,1,7/12/2023,yes,7/18/2023,6,2
0363,16.1.0363,16,1,7/12/2023,yes,7/18/2023,6,2
0364,16.1.0364,16,1,7/12/2023,yes,7/18/2023,6,2
0365,16.1.0365,16,1,7/12/2023,yes,7/18/2023,6,2
0366,16.1.0366,16,1,7/12/2023,yes,7/18/2023,6,2
0367,16.1.0367,16,1,7/12/2023,yes,7/18/2023,6,2
0368,16.1.0368,16,1,7/12/2023,yes,7/18/2023,6,2
0369,16.1.0369,16,1,7/12/2023,yes,7/18/2023,6,2
0370,16.1.0370,16,1,7/12/2023,yes,7/18/2023,6,2
0371,16.1.0371,16,1,7/12/2023,yes,7/18/2023,6,2
0372,16.1.0372,16,1,7/12/2023,yes,7/18/2023,6,2
0373,16.1.0373,16,1,7/12/2023,yes,7/19/2023,7,2
0374,16.1.0374,16,1,7/12/2023,yes,7/19/2023,7,2
0375,16.1.0375,16,1,7/12/2023,yes,7/19/2023,7,2
0376,16.1.0376,16,1,7/12/2023,yes,7/19/2023,7,2
0377,16.1.0377,16,1,7/12/2023,yes,7/19/2023,7,2
0378,16.1.0378,16,1,7/12/2023,yes,7/19/2023,7,2
0379,16.1.0379,16,1,7/12/2023,yes,7/19/2023,7,2
0380,16.1.0380,16,1,7/12/2023,yes,7/19/2023,7,2
0381,16.1.0381,16,1,7/12/2023,yes,7/19/2023,7,2
0382,16.1.0382,16,1,7/12/2023,yes,7/19/2023,7,2
0383,16.1.0383,16,1,7/12/2023,yes,7/19/2023,7,2
0384,16.1.0384,16,1,7/12/2023,yes,7/19/2023,7,2
0385,16.1.0385,16,1,7/12/2023,yes,7/19/2023,7,2
0386,16.1.0386,16,1,7/12/2023,yes,7/19/2023,7,2
0387,16.1.0387,16,1,7/12/2023,yes,7/19/2023,7,2
0388,16.1.0388,16,1,7/12/2023,yes,7/19/2023,7,2
0389,16.1.0389,16,1,7/12/2023,yes,7/19/2023,7,2
0390,16.1.0390,16,1,7/12/2023,yes,7/19/2023,7,2
0391,16.1.0391,16,1,7/12/2023,yes,7/19/2023,7,2
0392,16.1.0392,16,1,7/12/2023,yes,7/19/2023,7,2
0393,16.1.0393,16,1,7/12/2023,yes,7/19/2023,7,2
0394,16.1.0394,16,1,7/12/2023,yes,7/19/2023,7,2
0395,16.1.0395,16,1,7/12/2023,yes,7/19/2023,7,2
0396,16.1.0396,16,1,7/12/2023,yes,7/19/2023,7,2
0397,16.1.0397,16,1,7/12/2023,yes,7/19/2023,7,2
0398,16.1.0398,16,1,7/12/2023,no,,,2
0399,16.1.0399,16,1,7/12/2023,no,,,2
0400,16.2.0400,16,2,7/14/2023,yes,7/19/2023,5,2
0401,16.2.0401,16,2,7/14/2023,yes,7/19/2023,5,2
0402,16.2.0402,16,2,7/14/2023,yes,7/19/2023,5,2
0403,16.2.0403,16,2,7/14/2023,yes,7/19/2023,5,2
0404,16.2.0404,16,2,7/14/2023,yes,7/19/2023,5,2
0405,16.2.0405,16,2,7/14/2023,yes,7/19/2023,5,2
0406,16.2.0406,16,2,7/14/2023,yes,7/19/2023,5,2
0407,16.2.0407,16,2,7/14/2023,yes,7/19/2023,5,2
0408,16.2.0408,16,2,7/14/2023,yes,7/19/2023,5,2
0409,16.2.0409,16,2,7/14/2023,yes,7/19/2023,5,2
0410,16.2.0410,16,2,7/14/2023,yes,7/21/2023,7,2
0411,16.2.0411,16,2,7/14/2023,yes,7/21/2023,7,2
0412,16.2.0412,16,2,7/14/2023,yes,7/21/2023,7,2
0413,16.2.0413,16,2,7/14/2023,yes,7/21/2023,7,2
0414,16.2.0414,16,2,7/14/2023,yes,7/21/2023,7,2
0415,16.2.0415,16,2,7/14/2023,yes,7/21/2023,7,2
0416,16.2.0416,16,2,7/14/2023,yes,7/21/2023,7,2
0417,16.2.0417,16,2,7/14/2023,yes,7/21/2023,7,2
0418,16.2.0418,16,2,7/14/2023,yes,7/22/2023,8,2
0419,16.2.0419,16,2,7/14/2023,no,,,2
0420,16.2.0420,16,2,7/14/2023,no,,,2
0421,16.2.0421,16,2,7/14/2023,no,,,2
0422,16.2.0422,16,2,7/14/2023,no,,,2
0423,16.2.0423,16,2,7/14/2023,no,,,2
0424,16.2.0424,16,2,7/14/2023,no,,,2
0425,16.2.0425,16,2,7/14/2023,no,,,2
0426,21.1.0426,21,1,7/12/2023,yes,7/16/2023,4,2
0427,21.1.0427,21,1,7/12/2023,yes,7/16/2023,4,2
0428,21.1.0428,21,1,7/12/2023,yes,7/16/2023,4,2
0429,21.1.0429,21,1,7/12/2023,yes,7/16/2023,4,2
0430,21.1.0430,21,1,7/12/2023,yes,7/17/2023,5,2
0431,21.1.0431,21,1,7/12/2023,yes,7/17/2023,5,2
0432,21.1.0432,21,1,7/12/2023,yes,7/17/2023,5,2
0433,21.1.0433,21,1,7/12/2023,yes,7/17/2023,5,2
0434,21.1.0434,21,1,7/12/2023,yes,7/17/2023,5,2
0435,21.1.0435,21,1,7/12/2023,yes,7/17/2023,5,2
0436,21.1.0436,21,1,7/12/2023,yes,7/17/2023,5,2
0437,21.1.0437,21,1,7/12/2023,yes,7/17/2023,5,2
0438,21.1.0438,21,1,7/12/2023,yes,7/17/2023,5,2
0439,21.1.0439,21,1,7/12/2023,yes,7/17/2023,5,2
0440,21.1.0440,21,1,7/12/2023,yes,7/17/2023,5,2
0441,21.1.0441,21,1,7/12/2023,yes,7/17/2023,5,2
0442,21.1.0442,21,1,7/12/2023,yes,7/17/2023,5,2
0443,21.1.0443,21,1,7/12/2023,yes,7/17/2023,5,2
0444,21.1.0444,21,1,7/12/2023,yes,7/17/2023,5,2
0445,21.1.0445,21,1,7/12/2023,yes,7/17/2023,5,2
0446,21.1.0446,21,1,7/12/2023,yes,7/17/2023,5,2
0447,21.1.0447,21,1,7/12/2023,yes,7/17/2023,5,2
0448,21.1.0448,21,1,7/12/2023,yes,7/17/2023,5,2
0449,21.1.0449,21,1,7/12/2023,yes,7/17/2023,5,2
0450,21.1.0450,21,1,7/12/2023,yes,7/17/2023,5,2
0451,21.1.0451,21,1,7/12/2023,yes,7/17/2023,5,2
0452,21.1.0452,21,1,7/12/2023,yes,7/18/2023,6,2
0453,21.1.0453,21,1,7/12/2023,yes,7/18/2023,6,2
0454,21.1.0454,21,1,7/12/2023,yes,7/18/2023,6,2
0455,21.1.0455,21,1,7/12/2023,yes,7/18/2023,6,2
0456,21.1.0456,21,1,7/12/2023,yes,7/18/2023,6,2
0457,21.1.0457,21,1,7/12/2023,yes,7/18/2023,6,2
0458,21.1.0458,21,1,7/12/2023,yes,7/19/2023,7,2
0459,21.1.0459,21,1,7/12/2023,yes,7/19/2023,7,2
0460,21.1.0460,21,1,7/12/2023,yes,7/19/2023,7,2
0461,21.1.0461,21,1,7/12/2023,yes,7/19/2023,7,2
0462,21.1.0462,21,1,7/12/2023,yes,7/19/2023,7,2
0463,21.1.0463,21,1,7/12/2023,yes,7/19/2023,7,2
0464,21.1.0464,21,1,7/12/2023,no,,,2
0465,21.1.0465,21,1,7/12/2023,no,,,2
0466,21.1.0466,21,1,7/12/2023,no,,,2
0467,21.1.0467,21,1,7/12/2023,no,,,2
0468,21.1.0468,21,1,7/12/2023,no,,,2
0469,21.1.0469,21,1,7/12/2023,no,,,2
0470,21.1.0470,21,1,7/12/2023,no,,,2
0471,21.1.0471,21,1,7/12/2023,no,,,2
0472,21.1.0472,21,1,7/12/2023,no,,,2
0473,21.1.0473,21,1,7/12/2023,no,,,2
0474,21.1.0474,21,1,7/12/2023,no,,,2
0475,21.1.0475,21,1,7/12/2023,no,,,2
0476,21.2.0476,21,2,7/14/2023,yes,7/16/2023,2,2
0477,21.2.0477,21,2,7/14/2023,yes,7/16/2023,2,2
0478,21.2.0478,21,2,7/14/2023,yes,7/17/2023,3,2
0479,21.2.0479,21,2,7/14/2023,yes,7/17/2023,3,2
0480,21.2.0480,21,2,7/14/2023,yes,7/17/2023,3,2
0481,21.2.0481,21,2,7/14/2023,yes,7/17/2023,3,2
0482,21.2.0482,21,2,7/14/2023,yes,7/17/2023,3,2
0483,21.2.0483,21,2,7/14/2023,yes,7/17/2023,3,2
0484,21.2.0484,21,2,7/14/2023,yes,7/18/2023,4,2
0485,21.2.0485,21,2,7/14/2023,yes,7/18/2023,4,2
0486,21.2.0486,21,2,7/14/2023,yes,7/18/2023,4,2
0487,21.2.0487,21,2,7/14/2023,yes,7/18/2023,4,2
0488,21.2.0488,21,2,7/14/2023,yes,7/18/2023,4,2
0489,21.2.0489,21,2,7/14/2023,yes,7/18/2023,4,2
0490,21.2.0490,21,2,7/14/2023,yes,7/18/2023,4,2
0491,21.2.0491,21,2,7/14/2023,yes,7/18/2023,4,2
0492,21.2.0492,21,2,7/14/2023,yes,7/20/2023,6,2
0493,21.2.0493,21,2,7/14/2023,yes,7/20/2023,6,2
0494,21.2.0494,21,2,7/14/2023,yes,7/20/2023,6,2
0495,21.2.0495,21,2,7/14/2023,yes,7/20/2023,6,2
0496,21.2.0496,21,2,7/14/2023,yes,7/20/2023,6,2
0497,21.2.0497,21,2,7/14/2023,yes,7/20/2023,6,2
0498,21.2.0498,21,2,7/14/2023,yes,7/20/2023,6,2
0499,21.2.0499,21,2,7/14/2023,yes,7/20/2023,6,2
0500,21.2.0500,21,2,7/14/2023,yes,7/20/2023,6,2
0501,21.2.0501,21,2,7/14/2023,yes,7/20/2023,6,2
0502,21.2.0502,21,2,7/14/2023,yes,7/20/2023,6,2
0503,21.2.0503,21,2,7/14/2023,yes,7/20/2023,6,2
0504,21.2.0504,21,2,7/14/2023,yes,7/20/2023,6,2
0505,21.2.0505,21,2,7/14/2023,yes,7/20/2023,6,2
0506,21.2.0506,21,2,7/14/2023,yes,7/20/2023,6,2
0507,21.2.0507,21,2,7/14/2023,yes,7/20/2023,6,2
0508,21.2.0508,21,2,7/14/2023,no,,,2
0509,21.2.0509,21,2,7/14/2023,no,,,2
0510,21.2.0510,21,2,7/14/2023,no,,,2
0511,21.2.0511,21,2,7/14/2023,no,,,2
0512,21.2.0512,21,2,7/14/2023,no,,,2
0513,21.2.0513,21,2,7/14/2023,no,,,2
0514,21.2.0514,21,2,7/14/2023,no,,,2
0515,21.2.0515,21,2,7/14/2023,no,,,2
0516,21.2.0516,21,2,7/14/2023,no,,,2
0517,21.2.0517,21,2,7/14/2023,no,,,2
0518,26.1.0518,26,1,7/12/2023,yes,7/13/2023,1,2
0519,26.1.0519,26,1,7/12/2023,yes,7/15/2023,3,2
0520,26.1.0520,26,1,7/12/2023,yes,7/15/2023,3,2
0521,26.1.0521,26,1,7/12/2023,yes,7/15/2023,3,2
0522,26.1.0522,26,1,7/12/2023,yes,7/15/2023,3,2
0523,26.1.0523,26,1,7/12/2023,yes,7/15/2023,3,2
0524,26.1.0524,26,1,7/12/2023,yes,7/15/2023,3,2
0525,26.1.0525,26,1,7/12/2023,yes,7/15/2023,3,2
0526,26.1.0526,26,1,7/12/2023,yes,7/15/2023,3,2
0527,26.1.0527,26,1,7/12/2023,yes,7/15/2023,3,2
0528,26.1.0528,26,1,7/12/2023,yes,7/15/2023,3,2
0529,26.1.0529,26,1,7/12/2023,yes,7/15/2023,3,2
0530,26.1.0530,26,1,7/12/2023,yes,7/15/2023,3,2
0531,26.1.0531,26,1,7/12/2023,yes,7/15/2023,3,2
0532,26.1.0532,26,1,7/12/2023,yes,7/15/2023,3,2
0533,26.1.0533,26,1,7/12/2023,yes,7/15/2023,3,2
0534,26.1.0534,26,1,7/12/2023,yes,7/15/2023,3,2
0535,26.1.0535,26,1,7/12/2023,yes,7/15/2023,3,2
0536,26.1.0536,26,1,7/12/2023,yes,7/16/2023,4,2
0537,26.1.0537,26,1,7/12/2023,yes,7/16/2023,4,2
0538,26.1.0538,26,1,7/12/2023,yes,7/16/2023,4,2
0539,26.1.0539,26,1,7/12/2023,yes,7/16/2023,4,2
0540,26.1.0540,26,1,7/12/2023,no,,,2
0541,26.1.0541,26,1,7/12/2023,no,,,2
0542,26.1.0542,26,1,7/12/2023,no,,,2
0543,26.1.0543,26,1,7/12/2023,no,,,2
0544,26.1.0544,26,1,7/12/2023,no,,,2
0545,26.1.0545,26,1,7/12/2023,no,,,2
0546,26.1.0546,26,1,7/12/2023,no,,,2
0547,26.1.0547,26,1,7/12/2023,no,,,2
0548,26.1.0548,26,1,7/12/2023,no,,,2
0549,26.1.0549,26,1,7/12/2023,no,,,2
0550,26.1.0550,26,1,7/12/2023,no,,,2
0551,26.1.0551,26,1,7/12/2023,no,,,2
0552,26.1.0552,26,1,7/12/2023,no,,,2
0553,26.1.0553,26,1,7/12/2023,no,,,2
0554,26.1.0554,26,1,7/12/2023,no,,,2
0555,26.1.0555,26,1,7/12/2023,no,,,2
0556,26.1.0556,26,1,7/12/2023,no,,,2
0557,26.1.0557,26,1,7/12/2023,no,,,2
0558,26.1.0558,26,1,7/12/2023,no,,,2
0559,26.1.0559,26,1,7/12/2023,no,,,2
0560,26.1.0560,26,1,7/12/2023,no,,,2
0561,26.1.0561,26,1,7/12/2023,no,,,2
0562,26.1.0562,26,1,7/12/2023,no,,,2
0563,26.1.0563,26,1,7/12/2023,no,,,2
0564,26.1.0564,26,1,7/12/2023,no,,,2
0565,26.1.0565,26,1,7/12/2023,no,,,2
0566,26.1.0566,26,1,7/12/2023,no,,,2
0567,26.1.0567,26,1,7/12/2023,no,,,2
0568,26.2.0568,26,2,7/14/2023,yes,7/16/2023,2,2
0569,26.2.0569,26,2,7/14/2023,yes,7/16/2023,2,2
0570,26.2.0570,26,2,7/14/2023,yes,7/16/2023,2,2
0571,26.2.0571,26,2,7/14/2023,yes,7/16/2023,2,2
0572,26.2.0572,26,2,7/14/2023,yes,7/16/2023,2,2
0573,26.2.0573,26,2,7/14/2023,yes,7/16/2023,2,2
0574,26.2.0574,26,2,7/14/2023,yes,7/16/2023,2,2
0575,26.2.0575,26,2,7/14/2023,yes,7/16/2023,2,2
0576,26.2.0576,26,2,7/14/2023,yes,7/16/2023,2,2
0577,26.2.0577,26,2,7/14/2023,yes,7/16/2023,2,2
0578,26.2.0578,26,2,7/14/2023,yes,7/16/2023,2,2
0579,26.2.0579,26,2,7/14/2023,yes,7/16/2023,2,2
0580,26.2.0580,26,2,7/14/2023,yes,7/16/2023,2,2
0581,26.2.0581,26,2,7/14/2023,yes,7/16/2023,2,2
0582,26.2.0582,26,2,7/14/2023,yes,7/16/2023,2,2
0583,26.2.0583,26,2,7/14/2023,yes,7/16/2023,2,2
0584,26.2.0584,26,2,7/14/2023,yes,7/16/2023,2,2
0585,26.2.0585,26,2,7/14/2023,yes,7/16/2023,2,2
0586,26.2.0586,26,2,7/14/2023,yes,7/16/2023,2,2
0587,26.2.0587,26,2,7/14/2023,yes,7/16/2023,2,2
0588,26.2.0588,26,2,7/14/2023,yes,7/17/2023,3,2
0589,26.2.0589,26,2,7/14/2023,yes,7/17/2023,3,2
0590,26.2.0590,26,2,7/14/2023,yes,7/17/2023,3,2
0591,26.2.0591,26,2,7/14/2023,yes,7/17/2023,3,2
0592,26.2.0592,26,2,7/14/2023,yes,7/17/2023,3,2
0593,26.2.0593,26,2,7/14/2023,yes,7/17/2023,3,2
0594,26.2.0594,26,2,7/14/2023,yes,7/17/2023,3,2
0595,26.2.0595,26,2,7/14/2023,yes,7/17/2023,3,2
0596,26.2.0596,26,2,7/14/2023,yes,7/17/2023,3,2
0597,26.2.0597,26,2,7/14/2023,yes,7/17/2023,3,2
0598,26.2.0598,26,2,7/14/2023,yes,7/17/2023,3,2
0599,26.2.0599,26,2,7/14/2023,yes,7/17/2023,3,2
0600,26.2.0600,26,2,7/14/2023,yes,7/17/2023,3,2
0601,26.2.0601,26,2,7/14/2023,yes,7/18/2023,4,2
0602,26.2.0602,26,2,7/14/2023,yes,7/18/2023,4,2
0603,26.2.0603,26,2,7/14/2023,no,,,2
0604,26.2.0604,26,2,7/14/2023,no,,,2
0605,26.2.0605,26,2,7/14/2023,no,,,2
0606,26.2.0606,26,2,7/14/2023,no,,,2
0607,26.2.0607,26,2,7/14/2023,no,,,2
0608,26.2.0608,26,2,7/14/2023,no,,,2
0609,26.2.0609,26,2,7/14/2023,no,,,2
0610,26.2.0610,26,2,7/14/2023,no,,,2
0611,26.2.0611,26,2,7/14/2023,no,,,2
0612,26.2.0612,26,2,7/14/2023,no,,,2
0613,30.1.0613,30,1,7/12/2023,yes,7/14/2023,2,2
0614,30.1.0614,30,1,7/12/2023,yes,7/14/2023,2,2
0615,30.1.0615,30,1,7/12/2023,yes,7/14/2023,2,2
0616,30.1.0616,30,1,7/12/2023,yes,7/14/2023,2,2
0617,30.1.0617,30,1,7/12/2023,yes,7/14/2023,2,2
0618,30.1.0618,30,1,7/12/2023,yes,7/14/2023,2,2
0619,30.1.0619,30,1,7/12/2023,yes,7/15/2023,3,2
0620,30.1.0620,30,1,7/12/2023,yes,7/15/2023,3,2
0621,30.1.0621,30,1,7/12/2023,yes,7/15/2023,3,2
0622,30.1.0622,30,1,7/12/2023,yes,7/15/2023,3,2
0623,30.1.0623,30,1,7/12/2023,yes,7/15/2023,3,2
0624,30.1.0624,30,1,7/12/2023,yes,7/15/2023,3,2
0625,30.1.0625,30,1,7/12/2023,yes,7/15/2023,3,2
0626,30.1.0626,30,1,7/12/2023,yes,7/15/2023,3,2
0627,30.1.0627,30,1,7/12/2023,yes,7/15/2023,3,2
0628,30.1.0628,30,1,7/12/2023,yes,7/15/2023,3,2
0629,30.1.0629,30,1,7/12/2023,yes,7/15/2023,3,2
0630,30.1.0630,30,1,7/12/2023,yes,7/15/2023,3,2
0631,30.1.0631,30,1,7/12/2023,yes,7/15/2023,3,2
0632,30.1.0632,30,1,7/12/2023,yes,7/15/2023,3,2
0633,30.1.0633,30,1,7/12/2023,yes,7/15/2023,3,2
0634,30.1.0634,30,1,7/12/2023,yes,7/15/2023,3,2
0635,30.1.0635,30,1,7/12/2023,yes,7/15/2023,3,2
0636,30.1.0636,30,1,7/12/2023,yes,7/15/2023,3,2
0637,30.1.0637,30,1,7/12/2023,yes,7/15/2023,3,2
0638,30.1.0638,30,1,7/12/2023,yes,7/15/2023,3,2
0639,30.1.0639,30,1,7/12/2023,yes,7/15/2023,3,2
0640,30.1.0640,30,1,7/12/2023,yes,7/15/2023,3,2
0641,30.1.0641,30,1,7/12/2023,yes,7/15/2023,3,2
0642,30.1.0642,30,1,7/12/2023,yes,7/15/2023,3,2
0643,30.1.0643,30,1,7/12/2023,yes,7/15/2023,3,2
0644,30.1.0644,30,1,7/12/2023,yes,7/15/2023,3,2
0645,30.1.0645,30,1,7/12/2023,yes,7/15/2023,3,2
0646,30.1.0646,30,1,7/12/2023,yes,7/15/2023,3,2
0647,30.1.0647,30,1,7/12/2023,yes,7/16/2023,4,2
0648,30.1.0648,30,1,7/12/2023,yes,7/16/2023,4,2
0649,30.1.0649,30,1,7/12/2023,yes,7/16/2023,4,2
0650,30.1.0650,30,1,7/12/2023,yes,7/16/2023,4,2
0651,30.1.0651,30,1,7/12/2023,yes,7/16/2023,4,2
0652,30.1.0652,30,1,7/12/2023,no,,,2
0653,30.1.0653,30,1,7/12/2023,no,,,2
0654,30.1.0654,30,1,7/12/2023,no,,,2
0655,30.1.0655,30,1,7/12/2023,no,,,2
0656,30.1.0656,30,1,7/12/2023,no,,,2
0657,30.1.0657,30,1,7/12/2023,no,,,2
0658,30.1.0658,30,1,7/12/2023,no,,,2
0659,30.1.0659,30,1,7/12/2023,no,,,2
0660,30.1.0660,30,1,7/12/2023,no,,,2
0661,30.1.0661,30,1,7/12/2023,no,,,2
0662,30.1.0662,30,1,7/12/2023,no,,,2
0663,30.2.0663,30,2,7/14/2023,yes,7/16/2023,2,2
0664,30.2.0664,30,2,7/14/2023,yes,7/16/2023,2,2
0665,30.2.0665,30,2,7/14/2023,yes,7/16/2023,2,2
0666,30.2.0666,30,2,7/14/2023,yes,7/16/2023,2,2
0667,30.2.0667,30,2,7/14/2023,yes,7/16/2023,2,2
0668,30.2.0668,30,2,7/14/2023,yes,7/16/2023,2,2
0669,30.2.0669,30,2,7/14/2023,yes,7/16/2023,2,2
0670,30.2.0670,30,2,7/14/2023,yes,7/16/2023,2,2
0671,30.2.0671,30,2,7/14/2023,yes,7/16/2023,2,2
0672,30.2.0672,30,2,7/14/2023,yes,7/16/2023,2,2
0673,30.2.0673,30,2,7/14/2023,yes,7/16/2023,2,2
0674,30.2.0674,30,2,7/14/2023,yes,7/16/2023,2,2
0675,30.2.0675,30,2,7/14/2023,yes,7/16/2023,2,2
0676,30.2.0676,30,2,7/14/2023,yes,7/16/2023,2,2
0677,30.2.0677,30,2,7/14/2023,yes,7/16/2023,2,2
0678,30.2.0678,30,2,7/14/2023,yes,7/16/2023,2,2
0679,30.2.0679,30,2,7/14/2023,yes,7/16/2023,2,2
0680,30.2.0680,30,2,7/14/2023,yes,7/16/2023,2,2
0681,30.2.0681,30,2,7/14/2023,yes,7/16/2023,2,2
0682,30.2.0682,30,2,7/14/2023,yes,7/17/2023,3,2
0683,30.2.0683,30,2,7/14/2023,yes,7/17/2023,3,2
0684,30.2.0684,30,2,7/14/2023,yes,7/17/2023,3,2
0685,30.2.0685,30,2,7/14/2023,yes,7/18/2023,4,2
0686,30.2.0686,30,2,7/14/2023,yes,7/18/2023,4,2
0687,30.2.0687,30,2,7/14/2023,no,,,2
0688,30.2.0688,30,2,7/14/2023,no,,,2
0689,30.2.0689,30,2,7/14/2023,no,,,2
0690,30.2.0690,30,2,7/14/2023,no,,,2
0691,30.2.0691,30,2,7/14/2023,no,,,2
0692,30.2.0692,30,2,7/14/2023,no,,,2
0693,30.2.0693,30,2,7/14/2023,no,,,2
0694,30.2.0694,30,2,7/14/2023,no,,,2
0695,34.1.0695,34,1,7/12/2023,yes,7/15/2023,3,2
0696,34.1.0696,34,1,7/12/2023,yes,7/15/2023,3,2
0697,34.1.0697,34,1,7/12/2023,yes,7/15/2023,3,2
0698,34.1.0698,34,1,7/12/2023,yes,7/15/2023,3,2
0699,34.1.0699,34,1,7/12/2023,yes,7/15/2023,3,2
0700,34.1.0700,34,1,7/12/2023,yes,7/15/2023,3,2
0701,34.1.0701,34,1,7/12/2023,yes,7/15/2023,3,2
0702,34.1.0702,34,1,7/12/2023,yes,7/15/2023,3,2
0703,34.1.0703,34,1,7/12/2023,yes,7/15/2023,3,2
0704,34.1.0704,34,1,7/12/2023,yes,7/15/2023,3,2
0705,34.1.0705,34,1,7/12/2023,yes,7/15/2023,3,2
0706,34.1.0706,34,1,7/12/2023,yes,7/16/2023,4,2
0707,34.1.0707,34,1,7/12/2023,yes,7/16/2023,4,2
0708,34.1.0708,34,1,7/12/2023,yes,7/16/2023,4,2
0709,34.1.0709,34,1,7/12/2023,yes,7/16/2023,4,2
0710,34.1.0710,34,1,7/12/2023,yes,7/16/2023,4,2
0711,34.1.0711,34,1,7/12/2023,yes,7/16/2023,4,2
0712,34.1.0712,34,1,7/12/2023,yes,7/16/2023,4,2
0713,34.1.0713,34,1,7/12/2023,yes,7/16/2023,4,2
0714,34.1.0714,34,1,7/12/2023,yes,7/18/2023,6,2
0715,34.1.0715,34,1,7/12/2023,no,,,2
0716,34.1.0716,34,1,7/12/2023,no,,,2
0717,34.1.0717,34,1,7/12/2023,no,,,2
0718,34.1.0718,34,1,7/12/2023,no,,,2
0719,34.1.0719,34,1,7/12/2023,no,,,2
0720,34.1.0720,34,1,7/12/2023,no,,,2
0721,34.1.0721,34,1,7/12/2023,no,,,2
0722,34.1.0722,34,1,7/12/2023,no,,,2
0723,34.1.0723,34,1,7/12/2023,no,,,2
0724,34.1.0724,34,1,7/12/2023,no,,,2
0725,34.1.0725,34,1,7/12/2023,no,,,2
0726,34.1.0726,34,1,7/12/2023,no,,,2
0727,34.1.0727,34,1,7/12/2023,no,,,2
0728,34.1.0728,34,1,7/12/2023,no,,,2
0729,34.1.0729,34,1,7/12/2023,no,,,2
0730,34.1.0730,34,1,7/12/2023,no,,,2
0731,34.1.0731,34,1,7/12/2023,no,,,2
0732,34.1.0732,34,1,7/12/2023,no,,,2
0733,34.1.0733,34,1,7/12/2023,no,,,2
0734,34.1.0734,34,1,7/12/2023,no,,,2
0735,34.1.0735,34,1,7/12/2023,no,,,2
0736,34.1.0736,34,1,7/12/2023,no,,,2
0737,34.1.0737,34,1,7/12/2023,no,,,2
0738,34.1.0738,34,1,7/12/2023,no,,,2
0739,34.1.0739,34,1,7/12/2023,no,,,2
0740,34.1.0740,34,1,7/12/2023,no,,,2
0741,34.1.0741,34,1,7/12/2023,no,,,2
0742,34.1.0742,34,1,7/12/2023,no,,,2
0743,34.1.0743,34,1,7/12/2023,no,,,2
0744,34.1.0744,34,1,7/12/2023,no,,,2
0745,34.2.0745,34,2,7/14/2023,yes,7/16/2023,2,2
0746,34.2.0746,34,2,7/14/2023,yes,7/16/2023,2,2
0747,34.2.0747,34,2,7/14/2023,yes,7/18/2023,4,2
0748,34.2.0748,34,2,7/14/2023,yes,7/18/2023,4,2
0749,34.2.0749,34,2,7/14/2023,no,,,2
0750,34.2.0750,34,2,7/14/2023,no,,,2
0751,34.2.0751,34,2,7/14/2023,no,,,2
0752,34.2.0752,34,2,7/14/2023,no,,,2
0753,34.2.0753,34,2,7/14/2023,no,,,2
0754,34.2.0754,34,2,7/14/2023,no,,,2
0755,34.2.0755,34,2,7/14/2023,no,,,2
0756,34.2.0756,34,2,7/14/2023,no,,,2
0757,34.2.0757,34,2,7/14/2023,no,,,2
0758,34.2.0758,34,2,7/15/2023,no,,,2