CID,Mean.temp,Date.hatch,Date.3rd,Surv.4th,Date.4th,Time.4th,Mass.4th,Surv.5th,Date.5th,Time.5th,Mass.5th,Surv.pupa,Date.pupa,Time.pupa,Mass.pupa,Pupate.ok,Surv.eclose,Date.eclose,Time.eclose,Mass.adult,Sex,Eclose.ok,Date.dead,Notes
001,30,6/19/2023,6/21/2023,,6/23/2023,4.00,10.32,,6/25/2023,6.00,34.06,,6/26/2023,7.00,153.63,yes,,7/7/2023,18.00,108.65,female,no,,shriveled wings
002,26,6/19/2023,6/21/2023,,6/23/2023,4.00,7.9,,6/26/2023,7.00,20.76,,7/3/2023,14.00,141.29,yes,,,,,,,7/10/2023,died as pupa
003,26,6/19/2023,6/22/2023,,6/24/2023,5.00,9.93,,6/27/2023,8.00,32.4,,7/4/2023,15.00,110.81,yes,,7/12/2023,23.00,49.07,female,no,,deformed wings
004,26,6/19/2023,6/22/2023,,6/24/2023,5.00,8.44,,6/27/2023,8.00,29.43,,7/2/23,13.00,180.73,yes,,,,,,,7/14/2023,died as pupa
005,26,6/19/2023,6/22/2023,,6/24/2023,5.00,10.27,,6/26/2023,7.00,31.25,,6/30/2023,11.00,171.86,yes,,7/9/2023,20.00,46.58,unk,no,,stuck in pupal shell
006,26,6/19/2023,6/22/2023,,6/24/2023,5.00,13.17,,6/27/2023,8.00,99.57,,7/1/2023,12.00,139.54,no,,,,,,,,INT
007,26,6/19/2023,6/22/2023,,6/25/2023,6.00,9.34,,6/27/2023,8.00,30.52,,7/2/23,13.00,174.27,yes,,7/9/2023,20.00,93.87,female,yes,,
008,26,6/19/2023,6/22/2023,,6/24/2023,5.00,10.9,,6/26/2023,7.00,39.96,,6/30/2023,11.00,172.39,yes,,7/7/2023,18.00,90.71,male,yes,,
009,26,6/19/2023,6/22/2023,,6/25/2023,6.00,12.23,,6/27/2023,8.00,32.63,,7/3/2023,14.00,163.72,no,,,,,,,,INT
010,26,6/19/2023,6/22/2023,,6/25/2023,6.00,17.32,,6/27/2023,8.00,40.8,,7/1/2023,12.00,163.87,yes,,,,,,,7/11/2023,died as pupa
011,26,6/20/2023,6/22/2023,,6/24/2023,4.00,9.73,,6/27/2023,7.00,54.98,,7/1/2023,11.00,173.9,yes,,,,,,,7/11,died as pupa
012,26,6/20/2023,6/22/2023,,,,,,,,,,,,,,,,,,,,6/26/2023,
013,30,6/19/2023,6/22/2023,,6/24/2023,5.00,10.41,,6/26/2023,7.00,33.48,,6/30/2023,11.00,133.66,yes,,7/7/2023,18.00,56.59,male,yes,,
014,30,6/19/2023,6/22/2023,,6/24/2023,5.00,13.76,,6/26/2023,7.00,43.11,,7/1/2023,12.00,127.7,no,,,,,,,,INT
015,30,6/19/2023,6/22/2023,,6/24/2023,5.00,14.23,,6/26/2023,7.00,37.17,,7/1/2023,12.00,164.17,no,,,,,,,,INT
016,30,6/19/2023,6/22/2023,,6/24/2023,5.00,16.77,,6/26/2023,7.00,41.64,,6/30/2023,11.00,159.5,yes,,7/7/2023,18.00,81.61,female,yes,,
017,30,6/19/2023,6/22/2023,,6/24/2023,5.00,12.94,,6/26/2023,7.00,45.3,,6/30/2023,11.00,157.94,yes,,7/6/2023,17.00,99.4,male,yes,,
018,30,6/19/2023,6/22/2023,,6/24/2023,5.00,6.76,,6/27/2023,8.00,38.12,,7/1/2023,12.00,157.93,yes,,7/7/2023,18.00,74.24,female,yes,,
019,30,6/19/2023,6/22/2023,,6/24/2023,5.00,6.3,,6/27/2023,8.00,37.46,,7/1/2023,12.00,166.96,yes,,7/8/2023,19.00,85.26,female,yes,,
020,30,6/19/2023,6/22/2023,,6/24/2023,5.00,11.84,,,,,,,,,,,,,,,,6/27/2023,
021,30,6/19/2023,6/22/2023,,6/24/2023,5.00,10.35,,,,,,,,,,,,,,,,6/27/2023,
022,30,6/19/2023,6/22/2023,,6/24/2023,5.00,9.76,,6/27/2023,8.00,59.76,,7/1/2023,12.00,132.03,no,,,,,,,7/1/2023,INT
023,30,6/19/2023,6/22/2023,,6/24/2023,5.00,10.24,,6/26/2023,7.00,34.36,,6/30/2023,11.00,161.36,yes,,,,,,,7/11/2023,died as pupa
024,34,6/19/2023,6/22/2023,,6/24/2023,5.00,5.25,,,,,,,,,,,,,,,,6/25/2023,
025,34,6/19/2023,6/22/2023,,6/24/2023,5.00,10.76,,6/27/2023,8.00,31.91,,7/2/2023,13.00,116.8,yes,,,,,,,7/11/2023,died as pupa
026,34,6/19/2023,6/22/2023,,6/24/2023,5.00,10.57,,6/26/2023,7.00,31.5,,6/30/2023,11.00,142.79,yes,,,,,,,7/9/2023,died as pupa
027,30,6/19/2023,6/22/2023,,6/24/2023,5.00,10.29,,6/26/2023,7.00,34.07,,7/1/2023,12.00,176.21,no,,,,,,,7/1/2023,INT
028,34,6/19/2023,6/23/2023,,6/25/2023,6.00,8.7,,6/28/2023,9.00,43.91,,7/3/2023,14.00,141.68,yes,,,,,,,7/15/2023,died as pupa
029,34,6/19/2023,6/23/2023,,6/25/2023,6.00,7.99,,6/28/2023,9.00,30.47,,7/3/2023,14.00,96.89,no,,,,,,,7/3/2023,INT
030,34,6/19/2023,6/23/2023,,6/25/2023,6.00,12.34,,6/28/2023,9.00,42.78,,7/3/2023,14.00,145.01,no,,,,,,,7/3/2023,INT
031,34,6/19/2023,6/23/2023,,6/25/2023,6.00,9.3,,6/28/2023,9.00,39.24,,7/3/2023,14.00,72.58,yes,,,,,,,7/11/2023,liquid coming out of pupa? Dead? Died as pupa
032,34,6/20/2023,6/23/2023,,6/25/2023,5.00,9.25,,6/28/2023,8.00,30.81,,7/4/2023,14.00,82.71,no,,,,,,,7/4/2023,INT
033,30,6/19/2023,6/23/2023,,6/25/2023,6.00,7.83,,6/28/2023,9.00,66.11,,7/1/2023,12.00,138.71,yes,,,,,,,7/9/2023,died trying to eclose
034,30,6/19/2023,6/23/2023,,6/25/2023,6.00,15.83,,6/27/2023,8.00,54.05,,6/30/2023,11.00,174.81,yes,,7/7/2023,18.00,86.52,female,yes,,
035,30,6/19/2023,6/23/2023,,6/25/2023,6.00,9.66,,6/28/2023,9.00,47.73,,7/3/2023,14.00,160.12,yes,,7/10/2023,21.00,85.44,female,no,,deformed wings
036,30,6/19/2023,6/23/2023,,6/25/2023,6.00,8.68,,6/27/2023,8.00,40.56,,7/1/2023,12.00,168.34,yes,,,,,,,7/9/2023,died as pupa
037,30,6/19/2023,6/23/2023,,6/25/2023,6.00,9.12,,6/27/2023,8.00,32.19,,7/1/2023,12.00,175.36,yes,,7/8/2023,19.00,86.43,male,yes,,
038,30,6/19/2023,6/23/2023,,6/25/2023,6.00,14.38,,6/27/2023,8.00,37.64,,7/1/2023,12.00,180.45,yes,,,,,,,7/15/2023,died as pupa
039,30,6/19/2023,6/23/2023,,6/25/2023,6.00,13.8,,6/27/2023,8.00,38.78,,7/1/2023,12.00,169.16,yes,,7/8/2023,19.00,85.39,male,yes,,
040,30,6/19/2023,6/23/2023,,6/25/2023,6.00,14.35,,6/27/2023,8.00,40.1,,7/1/2023,12.00,181.14,yes,,7/8/2023,19.00,116.46,female,yes,,
041,30,6/19/2023,6/23/2023,,6/25/2023,6.00,9.59,,6/28/2023,9.00,70.8,,7/3/2023,14.00,161.37,no,,,,,,,7/3/2023,INT
042,30,6/20/2023,6/23/2023,,6/25/2023,5.00,10.04,,6/27/2023,7.00,29.76,,7/1/2023,11.00,139.81,yes,,7/7/2023,17.00,66.57,female,yes,,
043,30,6/20/2023,6/23/2023,,6/25/2023,5.00,5.39,,,,,,,,,,,,,,,,6/27/2023,
044,30,6/20/2023,6/23/2023,,6/25/2023,5.00,21.9,,6/26/2023,6.00,47.28,,6/30/2023,10.00,185.54,yes,,,,,,,7/11/2023,died as pupa
045,30,6/20/2023,6/23/2023,,6/25/2023,5.00,10.9,,6/27/2023,7.00,44.82,,7/1/2023,11.00,168.65,yes,,7/8/2023,18.00,68.43,male,no,,problems eclosing
046,30,6/20/2023,6/23/2023,,6/25/2023,5.00,9.76,,6/27/2023,7.00,36.55,,6/30/2023,10.00,160.92,yes,,7/6/2023,16.00,118.9,male,yes,,
047,30,6/20/2023,6/23/2023,,6/25/2023,5.00,15.01,,6/27/2023,7.00,40.62,,7/1/2023,11.00,181.28,no,,,,,,,7/1/2023,INT
048,30,6/20/2023,6/23/2023,,6/24/2023,4.00,14.15,,6/27/2023,7.00,37.69,,7/1/2023,11.00,184.34,yes,,,,,,,7/11/2023,died as pupa
049,30,6/20/2023,6/23/2023,,6/24/2023,4.00,8.03,,6/26/2023,6.00,38.59,,6/30/2023,10.00,141.39,yes,,7/6/2023,16.00,102.35,female,yes,,
050,30,6/20/2023,6/23/2023,,6/26/2023,6.00,10.59,,6/28/2023,8.00,38.14,,7/2/2023,12.00,163.71,yes,,7/8/2023,18.00,102.24,male,yes,,
051,30,6/20/2023,6/23/2023,,6/25/2023,5.00,8.24,,6/27/2023,7.00,31.57,,7/1/2023,11.00,156.77,yes,,,,,,,7/11/2023,died as apupa
052,30,6/19/2023,6/22/2023,,6/23/2023,4.00,8.1,,,,,,,,,,,,,,,,,
053,21,6/19/2023,6/23/2023,,6/26/2023,7.00,6.94,,,,,,,,,,,,,,,,7/11/2023,
054,21,6/19/2023,6/23/2023,,6/26/2023,7.00,15.14,,6/30/2023,11.00,61.05,,7/8/2023,19.00,164.98,no,,,,,,,7/8/2023,INT
055,21,6/20/2023,6/23/2023,,6/26/2023,6.00,11.61,,7/1/2023,11.00,46.68,,7/9/2023,19.00,184.92,no,,,,,,,7/9/2023,INT
056,21,6/20/2023,6/23/2023,,6/28/2023,8.00,11.46,,7/3/2023,13.00,62.58,,7/11/2023,21.00,213.76,yes,,7/23/2023,33.00,"108,78",male,yes,,
057,26,6/20/2023,6/23/2023,,6/25/2023,5.00,11.11,,6/27/2023,7.00,38.27,,7/1/2023,11.00,147.66,yes,,,,,,,7/11/2023,died as pupa
058,26,6/20/2023,6/23/2023,,6/25/2023,5.00,9.47,,6/28/2023,8.00,39.72,,7/3/2023,13.00,186.96,no,,,,,,,7/3/2023,
059,26,6/20/2023,6/23/2023,,6/26/2023,6.00,14.48,,6/28/2023,8.00,30.37,,7/3/2023,13.00,151.17,yes,,7/11/2023,21.00,59.78,male,no,,deformed adult
060,26,6/20/2023,6/23/2023,,,,,,,,,,,,,,,,,,,,6/24/2023,problems molting?
061,26,6/20/2023,6/23/2023,,6/26/2023,6.00,14.98,,6/29/2023,9.00,66.86,,7/3/2023,13.00,203.43,yes,,7/11/2023,21.00,124.69,male,no,,deformed adult
062,26,6/20/2023,6/23/2023,,6/26/2023,6.00,15.22,,6/28/2023,8.00,40.25,,7/3/2023,13.00,178.55,no,,,,,,,7/3/2023,
063,26,6/20/2023,6/23/2023,,6/26/2023,6.00,10.67,,6/29/2023,9.00,39.71,,7/4/2023,14.00,197.16,yes,,7/11/2023,21.00,94.76,male,yes,,
064,26,6/20/2023,6/23/2023,,6/25/2023,5.00,7.62,,6/28/2023,8.00,48.44,,7/3/2023,13.00,154.78,yes,,,,,,,7/11/2023,died as pupa
065,26,6/20/2023,6/23/2023,,6/26/2023,6.00,13.14,,6/29/2023,9.00,46.12,,7/3/2023,13.00,161.36,yes,,,,,,,7/14/2023,died as pupa
066,26,6/20/2023,6/23/2023,,6/26/2023,6.00,14.3,,6/28/2023,8.00,39.27,,7/3/2023,13.00,137.16,yes,,7/13/2023,23.00,34.25,female,no,7/13/2023,deformed wings
067,26,6/20/2023,6/23/2023,,6/25/2023,5.00,8.14,,6/28/2023,8.00,39.02,,7/3/2023,13.00,164.07,yes,,7/10/2023,20.00,72.73,male,yes,,
068,26,6/20/2023,6/23/2023,,6/26/2023,6.00,7.32,,,,,,,,,,,,,,,,6/28/2023,
069,26,6/20/2023,6/23/2023,,6/26/2023,6.00,14.47,,6/29/2023,9.00,41.06,,7/3/2023,13.00,182.13,yes,,,,,,,7/15/2023,died as pupa
070,26,6/20/2023,6/23/2023,,6/25/2023,5.00,8.54,,6/28/2023,8.00,45.12,,7/2/23,12.00,194.19,yes,,7/9/2023,19.00,116.27,male,yes,,
071,30,6/19/2023,6/22/2023,,6/24/2023,5.00,15.83,,6/26/2023,7.00,53.36,,6/29/2023,10.00,173.47,yes,,,,,,,7/8/2023,died as pupa
072,30,6/19/2023,6/22/2023,,6/24/2023,5.00,9.57,,6/26/2023,7.00,37.77,,6/30/2023,11.00,165.69,yes,,,,,,,7/11/2023,died as pupa
073,30,6/19/2023,6/22/2023,,6/23/2023,4.00,10,,6/25/2023,6.00,32.91,,6/29/2023,10.00,162.18,yes,,7/7/2023,18.00,84.21,female,no,,died eclosing
074,34,6/19/2023,6/23/2023,,6/25/2023,6.00,9.48,,,,,,,,,,,,,,,,6/26/2023,shriveled
075,34,6/19/2023,6/23/2023,,6/25/2023,6.00,13.34,,6/28/2023,9.00,42.6,,7/3/2023,14.00,139.01,yes,,7/10/2023,21.00,102.48,female,no,,
076,34,6/21/2023,6/24/2023,,6/27/2023,6.00,6.3,,,,,,,,,,,,,,,,7/8/2023,
077,34,6/19/2023,6/24/2023,,6/26/2023,7.00,9.3,,6/28/2023,9.00,32.02,,,,,,,,,,,,7/6/2023,
078,34,6/19/2023,6/24/2023,,6/26/2023,7.00,5.73,,7/1/2023,12.00,28.13,,7/8/2023,19.00,103.41,no,,,,,,,7/8/2023,INT
079,34,6/19/2023,6/24/2023,,6/26/2023,7.00,10.32,,6/28/2023,9.00,36.76,,7/2/2023,13.00,113.51,yes,,,,,,,7/11/2023,died as pupa
080,34,6/19/2023,6/24/2023,,6/25/2023,6.00,7.69,,6/29/2023,10.00,34.08,,7/4/2023,15.00,103.65,yes,,,,,,,7/14/2023,died as pupa
081,34,6/20/2023,6/24/2023,,,,,,,,,,,,,,,,,,,,6/26/2023,missing?  maybe shriveled
082,34,6/20/2023,6/24/2023,,6/25/2023,5.00,9.37,,6/27/2023,7.00,27.56,,7/1/2023,11.00,106.49,yes,,,,,,,7/11/2023,died as pupa
083,34,6/20/2023,6/24/2023,,6/26/2023,6.00,8.54,,6/29/2023,9.00,57.66,,7/3/2023,13.00,142.31,yes,,,,,,,7/19/2023,died as pupa
084,34,6/20/2023,6/24/2023,,,,,,,,,,,,,,,,,,,,6/27/2023,
085,34,6/20/2023,6/24/2023,,6/26/2023,6.00,7.74,,6/28/2023,8.00,31.02,,7/3/2023,13.00,113.16,yes,,,,,,,7/13/2023,died as pupa
086,34,6/20/2023,6/24/2023,,6/26/2023,6.00,7.78,,7/3/2023,13.00,25.46,,,,,,,,,,,,7/6/2023,
087,34,6/20/2023,6/24/2023,,6/26/2023,6.00,7.97,,6/29/2023,9.00,30.62,,7/5/2023,15.00,80.95,yes,,,,,,,7/13/2023,died as pupa
088,30,6/20/2023,6/24/2023,,6/25/2023,5.00,10.9,,6/28/2023,8.00,100.3,,7/1/2023,11.00,170.13,yes,,7/8/2023,18.00,86.74,male,yes,,
089,30,6/20/2023,6/24/2023,,6/25/2023,5.00,10.48,,6/27/2023,7.00,40.18,,6/30/2023,10.00,154.76,yes,,7/7/2023,17.00,88.22,female,yes,,
090,30,6/20/2023,6/24/2023,,6/26/2023,6.00,10.87,,6/28/2023,8.00,44.68,,7/4/23,14.00,165.6,no,,,,,,,,INT
091,30,6/20/2023,6/24/2023,,6/26/2023,6.00,9.27,,6/28/2023,8.00,40.96,,7/2/2023,12.00,165.39,yes,,,,,,,7/15/2023,died as pupa
092,30,6/20/2023,6/24/2023,,6/26/2023,6.00,9.7,,6/28/2023,8.00,34.92,,7/2/2023,12.00,174.78,yes,,,,,,,7/11/2023,died as pupa
093,30,6/20/2023,6/24/2023,,6/26/2023,6.00,26.9,,6/28/2023,8.00,71.73,,7/1/2023,11.00,175.94,yes,,7/8/2023,18.00,85.66,male,yes,,
094,30,6/20/2023,6/24/2023,,6/26/2023,6.00,12.13,,6/28/2023,8.00,45.85,,7/2/2023,12.00,174.64,yes,,7/9/2023,19.00,85.04,male,yes,,
095,30,6/20/2023,6/24/2023,,6/26/2023,6.00,6.35,,,,,,,,,,,,,,,,6/27/2023,
096,26,6/20/2023,6/24/2023,,6/27/2023,7.00,10.02,,6/30/2023,10.00,62.86,,7/5/2023,15.00,187.01,yes,,7/13/2023,23.00,91.16,male,yes,,
097,26,6/20/2023,6/24/2023,,6/26/2023,6.00,10.02,,6/30/2023,10.00,50.65,,7/4/2023,14.00,204.38,yes,,7/12/2023,22.00,97.92,male,yes,,
098,26,6/20/2023,6/24/2023,,6/26/2023,6.00,11.67,,,,,,,,,,,,,,,,6/28/2023,
099,26,6/20/2023,6/24/2023,,6/26/2023,6.00,10.05,,6/29/2023,9.00,34.78,,7/4/2023,14.00,178.35,yes,,7/12/2023,22.00,91.51,female,no,,deformed wings
100,26,6/20/2023,6/24/2023,,6/26/2023,6.00,11.46,,6/29/2023,9.00,41.92,,7/4/2023,14.00,233.31,yes,,7/12/2023,22.00,125.06,male,yes,,
101,26,6/20/2023,6/24/2023,,6/26/2023,6.00,11.32,,6/29/2023,9.00,35.27,,7/4/2023,14.00,166.79,yes,,7/12/2023,22.00,87.9,female,yes,,
102,26,6/20/2023,6/24/2023,,6/26/2023,6.00,13.36,,6/29/2023,9.00,89.52,,7/3/2023,13.00,212.55,yes,,7/10/2023,20.00,98.52,male,yes,,
103,26,6/20/2023,6/24/2023,,6/26/2023,6.00,11.38,,6/29/2023,9.00,28.84,,7/5/2023,15.00,177.65,yes,,7/13/2023,23.00,77.92,male,yes,,
104,26,6/19/2023,6/24/2023,,6/26/2023,7.00,17.49,,6/29/2023,10.00,29.22,,7/4/2023,15.00,169.18,yes,,7/11/2023,22.00,76.3,female,yes,,
105,26,6/19/2023,6/24/2023,,6/27/2023,8.00,9.33,,6/30/2023,11.00,58.32,,7/4/2023,15.00,171.1,yes,,7/11/2023,22.00,82.25,female,yes,,
106,26,6/19/2023,6/24/2023,,6/26/2023,7.00,15.41,,,,,,,,,,,,,,,,6/28/2023,
107,26,6/19/2023,6/24/2023,,6/26/2023,7.00,18.35,,6/29/2023,10.00,42.08,,7/4/2023,15.00,164.11,yes,,7/12/2023,23.00,78.09,male,yes,,
108,21,6/19/2023,6/24/2023,,6/27/2023,8.00,11.62,,7/1/2023,12.00,39.57,,7/8/2023,19.00,186.48,yes,,7/20/2023,31.00,99.59,female,yes,,
109,21,6/19/2023,6/24/2023,,6/26/2023,7.00,12.66,,6/30/2023,11.00,36.05,,7/7/2023,18.00,168.92,yes,,7/21/2023,32.00,146.7,,no,,
110,34,6/21/2023,6/25/2023,,6/27/2023,6.00,10.19,,6/30/2023,9.00,44.61,,7/6/2023,15.00,85.04,no,,,,,,,7/6/2023,INT
111,34,6/22/2023,6/25/2023,,6/27/2023,5.00,8.38,,6/29/2023,7.00,35.18,,7/3/2023,11.00,119.82,yes,,,,,,,7/11/2023,died as pupa
112,34,6/21/2023,6/25/2023,,6/27/2023,6.00,7.49,,6/30/2023,9.00,34.67,,7/5/2023,14.00,96.68,yes,,,,,,,7/12/2023,died trying to eclose
113,34,6/19/2023,6/25/2023,,6/27/2023,8.00,8.59,,6/30/2023,11.00,39.12,,,,,,,,,,,,7/8/2023,
114,34,6/20/2023,6/25/2023,,6/27/2023,7.00,6.95,,6/30/2023,10.00,35.05,,,,,,,,,,,,7/13/2023,diseased
115,30,6/22/2023,6/25/2023,,6/27/2023,5.00,5.58,,6/29/2023,7.00,35.42,,7/3/2023,11.00,156.47,yes,,7/10/2023,18.00,79.09,female,yes,,
116,30,6/21/2023,6/25/2023,,6/27/2023,6.00,7.71,,6/29/2023,8.00,35.57,,7/3/2023,12.00,164.85,yes,,7/10/2023,19.00,72.03,male,no,,
117,30,6/21/2023,6/25/2023,,6/27/2023,6.00,7.93,,6/30/2023,9.00,41.78,,7/5/2023,14.00,181.52,yes,,7/11/2023,20.00,97.05,male,yes,,
118,30,6/21/2023,6/25/2023,,6/27/2023,6.00,9.72,,6/30/2023,9.00,56.1,,7/5/2023,14.00,169.29,yes,,7/10/2023,19.00,97.85,female,no,,INT
119,30,6/21/2023,6/25/2023,,6/27/2023,6.00,10.55,,6/29/2023,8.00,36.11,,7/3/2023,12.00,177.76,yes,,7/9/2023,18.00,113.24,female,yes,,
120,26,6/19/2023,6/25/2023,,6/27/2023,8.00,19.26,,6/30/2023,11.00,66.56,,7/6/2023,17.00,153.8,no,,,,,,,7/8/2023,INT
121,26,6/19/2023,6/25/2023,,6/27/2023,8.00,11.25,,,,,,,,,,,,,,,,6/28/2023,
122,26,6/21/2023,6/25/2023,,6/28/2023,7.00,8.61,,7/1/2023,10.00,34.77,,,,,,,,,,,,7/8/2023,Weird disease...
123,26,6/21/2023,6/25/2023,,6/28/2023,7.00,12.25,,6/30/2023,9.00,32.32,,7/6/2023,15.00,157.44,no,,,,,,,7/6/2023,INT
124,26,6/21/2023,6/25/2023,,6/27/2023,6.00,8.55,,6/30/2023,9.00,38.01,,7/4/2023,13.00,146.23,no,,,,,,,7/4/2023,INT
125,26,6/21/2023,6/25/2023,,6/28/2023,7.00,8.49,,7/1/2023,10.00,34.25,,7/7/2023,16.00,170.02,yes,,7/14/2023,23.00,74.32,female,yes,,
126,21,6/20/2023,6/25/2023,,6/28/2023,8.00,13.48,,7/2/23,12.00,54.46,,7/9/2023,19.00,218.47,yes,,7/20/2023,30.00,112.97,male,yes,,
127,21,6/20/2023,6/25/2023,,6/28/2023,8.00,8.78,,7/2/2023,12.00,52.7,,7/10/2023,20.00,217.75,yes,,,,,,no,7/28/2023,died as pupa
128,21,6/20/2023,6/25/2023,,6/28/2023,8.00,13.92,,7/1/2023,11.00,39.92,,7/10/2023,20.00,147.5,yes,,7/23/2023,33.00,51.52,female,yes,,
129,21,6/20/2023,6/25/2023,,6/28/2023,8.00,11.94,,7/2/23,12.00,49.97,,7/10/2023,20.00,166.12,no,,,,,,,,INT
130,21,6/19/2023,6/25/2023,,6/29/2023,10.00,10.51,,7/3/2023,14.00,51.54,,7/11/2023,22.00,240.31,no,,,,,,,7/11/2023,INT
131,21,6/19/2023,6/25/2023,,6/28/2023,9.00,13.74,,7/1/2023,12.00,46.97,,7/8/2023,19.00,197.77,yes,,7/20/2023,31.00,103.18,female,yes,,
132,21,6/19/2023,6/25/2023,,6/29/2023,10.00,20.28,,7/3/2023,14.00,70.2,,7/9/2023,20.00,201.75,yes,,7/20/2023,31.00,103.38,female,yes,,
133,21,6/19/2023,6/25/2023,,6/28/2023,9.00,13.89,,7/3/2023,14.00,36.54,,7/11/2023,22.00,174.55,no,,,,,,,7/11/2023,INT
134,21,6/19/2023,6/25/2023,,6/28/2023,9.00,9.25,,7/3/2023,14.00,48.54,,7/10/2023,21.00,209.07,yes,,7/21/2023,32.00,111.9,male,yes,,
135,21,6/19/2023,6/25/2023,,6/28/2023,9.00,15.2,,7/2/23,13.00,85.81,,7/9/2023,20.00,243.09,no,,,,,,,7/9/2023,INT
136,21,6/19/2023,6/25/2023,,6/28/2023,9.00,11.01,,7/3/2023,14.00,49.78,,7/10/2023,21.00,167.23,yes,,,,,,,7/31/2023,died as pupa
137,21,6/19/2023,6/25/2023,,6/28/2023,9.00,10.97,,7/2/23,13.00,72.53,,7/9/2023,20.00,204.05,yes,,7/20/2023,31.00,136.05,female,yes,,
138,21,6/19/2023,6/25/2023,,6/28/2023,9.00,9.41,,7/3/2023,14.00,50.74,,7/10/2023,21.00,199.72,yes,,7/20/2023,31.00,104.33,male,yes,,
139,21,6/19/2023,6/25/2023,,6/28/2023,9.00,12.47,,7/3/2023,14.00,99.92,,7/9/2023,20.00,254.98,no,,,,,,,7/9/2023,INT
140,21,6/19/2023,6/25/2023,,6/30/2023,11.00,7.48,,7/5/2023,16.00,46.57,,7/13/2023,24.00,201.48,yes,,7/24/2023,35.00,97.42,male,yes,,
141,21,6/20/2023,6/25/2023,,,,,,,,,,,,,,,,,,,,6/26/2023,
142,21,6/20/2023,6/25/2023,,6/28/2023,8.00,15.06,,7/1/2023,11.00,42.33,,7/8/2023,18.00,166.79,yes,,,,,,,7/30/2023,died as pupa
143,21,6/20/2023,6/25/2023,,6/28/2023,8.00,19.64,,7/3/2023,13.00,70.11,,7/11/2023,21.00,180.15,no,,,,,,,7/13/2023,INT
144,21,6/20/2023,6/25/2023,,6/28/2023,8.00,11.53,,7/1/2023,11.00,36.89,,7/10/2023,20.00,230.53,no,,,,,,,,INT
145,34,6/21/2023,6/26/2023,,6/28/2023,7.00,11.81,,,,,,,,,,,,,,,,7/4/2023,
146,34,6/21/2023,6/26/2023,,6/28/2023,7.00,6.54,,7/2/2023,11.00,24.48,,,,,,,,,,,,7/11/2023,
147,34,6/22/2023,6/26/2023,,6/28/2023,6.00,15.85,,7/1/2023,9.00,40.51,,7/6/2023,14.00,105.42,no,,,,,,,7/6/2023,INT
148,34,6/22/2023,6/26/2023,,6/28/2023,6.00,11.61,,6/30/2023,8.00,28.77,,7/6/2023,14.00,83.24,no,,,,,,,7/6/2023,INT
149,34,6/22/2023,6/26/2023,,6/28/2023,6.00,11.6,,7/1/2023,9.00,41.32,,7/8/2023,16.00,97.85,no,,,,,,,7/8/2023,INT
150,34,6/22/2023,6/26/2023,,6/28/2023,6.00,15.95,,7/1/2023,9.00,50.61,,7/8/2023,16.00,102.63,no,,,,,,,7/8/2023,INT
151,30,6/21/2023,6/26/2023,,6/28/2023,7.00,15.75,,6/30/2023,9.00,40.18,,7/3/2023,12.00,151.21,yes,,7/9/2023,18.00,82.81,female,yes,,
152,30,6/21/2023,6/26/2023,,6/28/2023,7.00,17.67,,6/30/2023,9.00,53.43,,7/5/2023,14.00,196.25,yes,,7/11/2023,20.00,98.18,male,no,,deformed wings
153,30,6/21/2023,6/26/2023,,6/28/2023,7.00,11.07,,6/30/2023,9.00,32.83,,7/5/2023,14.00,175.62,yes,,7/11/2023,20.00,84.56,male,yes,,
154,30,6/21/2023,6/26/2023,,6/30/2023,9.00,18.47,,7/1/2023,10.00,61.71,,7/5/2023,14.00,123.79,yes,,7/13/2023,22.00,43.76,female,no,7/13/2023,died trying to eclose
155,30,6/22/2023,6/26/2023,,6/27/2023,5.00,13.11,,6/29/2023,7.00,29.78,,7/3/2023,11.00,179.29,no,,,,,,,7/3/2023,INT
156,30,6/22/2023,6/26/2023,,6/28/2023,6.00,17.47,,6/30/2023,8.00,47.73,,7/5/2023,13.00,183.51,yes,,7/11/2023,19.00,82.12,female,yes,,
157,30,6/22/2023,6/26/2023,,6/28/2023,6.00,17.59,,6/30/2023,8.00,44.42,,7/5/2023,13.00,154.84,yes,,7/10/2023,18.00,77.42,female,yes,,
158,16,6/19/2023,6/26/2023,,6/30/2023,11.00,12.05,,7/6/2023,17.00,38.18,,7/18/2023,29.00,182.99,no,,,,,,,,INT
159,21,6/20/2023,6/26/2023,,6/28/2023,8.00,11.17,,7/2/23,12.00,53.13,,7/9/2023,19.00,161.71,no,,,,,,,7/9/2023,INT
160,21,6/20/2023,6/26/2023,,6/29/2023,9.00,13.9,,7/2/23,12.00,41.23,,7/9/2023,19.00,193.77,yes,,7/20/2023,30.00,90.07,female,yes,,
161,21,6/20/2023,6/26/2023,,6/28/2023,8.00,11.78,,7/2/23,12.00,54.49,,7/9/2023,19.00,219.4,yes,,7/20/2023,30.00,107.52,male,yes,,
162,21,6/20/2023,6/26/2023,,7/1/2023,11.00,21.3,,7/3/2023,13.00,42.77,,7/10/2023,20.00,179.45,yes,,7/21/2023,31.00,115.78,female,no,,
163,26,6/21/2023,6/26/2023,,6/30/2023,9.00,31.01,,7/1/2023,10.00,62.22,,7/6/2023,15.00,101.33,no,,,,,,,,
164,26,6/21/2023,6/26/2023,,6/28/2023,7.00,12.42,,7/1/2023,10.00,33.91,,7/6/2023,15.00,142.91,yes,,,,,,,7/14/2023,died as pupa
165,26,6/21/2023,6/26/2023,,6/28/2023,7.00,8.55,,,,,,,,,,,,,,,,6/29/2023,
166,26,6/21/2023,6/26/2023,,6/28/2023,7.00,14.27,,6/30/2023,9.00,58.13,,7/4/2023,13.00,194.98,yes,,,,,,,7/14/2023,died as pupa
167,26,6/23/2023,6/26/2023,,6/28/2023,5.00,6.48,,7/1/2023,8.00,20.17,,7/6/2023,13.00,151.85,yes,,7/13/2023,20.00,76.13,female,yes,,
168,30,6/23/2023,6/27/2023,,6/29/2023,6.00,8.55,,7/1/2023,8.00,31.87,,7/5/2023,12.00,152.34,yes,,7/12/2023,19.00,77.84,female,yes,,
169,30,6/23/2023,6/27/2023,,6/29/2023,6.00,11.85,,7/2/2023,9.00,56.61,,7/6/2023,13.00,173.88,yes,,7/12/2023,19.00,87.25,female,yes,,
170,30,6/23/2023,6/27/2023,,6/29/2023,6.00,17.87,,,,,,,,,,,,,,,,7/2/2023,
171,30,6/23/2023,6/27/2023,,6/29/2023,6.00,16.52,,7/1/2023,8.00,62.4,,7/4/23,11.00,146.69,yes,,7/10/2023,17.00,88.64,female,no,,deformed wings
172,30,6/23/2023,6/27/2023,,6/29/2023,6.00,10.36,,7/1/2023,8.00,34.15,,7/5/2023,12.00,164.08,yes,,,,,,,7/14/2023,died as pupa
173,30,6/23/2023,6/27/2023,,6/29/2023,6.00,8.86,,7/2/2023,9.00,57.18,,7/6/2023,13.00,174.01,yes,,7/13/2023,20.00,78.09,female,no,,deformed wings
174,30,6/23/2023,6/27/2023,,6/28/2023,5.00,11.98,,7/1/2023,8.00,50.38,,7/4/23,11.00,140.39,yes,,7/10/2023,17.00,72.84,male,yes,,
175,30,6/23/2023,6/27/2023,,6/29/2023,6.00,9.27,,7/2/2023,9.00,70.93,,7/5/2023,12.00,155.58,yes,,7/11/2023,18.00,84.42,male,yes,,
176,30,6/22/2023,6/27/2023,,6/28/2023,6.00,9.2,,7/7/2023,15.00,16.83,,,,,,,,,,,,7/8/2023,
177,34,6/23/2023,6/27/2023,,,,,,,,,,,,,,,,,,,,6/28/2023,
178,34,6/23/2023,6/27/2023,,6/30/2023,7.00,11.76,,7/1/2023,8.00,14.8,,,,,,,,,,,,7/11/2023,
179,34,6/23/2023,6/27/2023,,,,,,,,,,,,,,,,,,,,6/28,
180,34,6/23/2023,6/27/2023,,6/30/2023,7.00,14.61,,7/6/2023,13.00,41.8,,,,,,,,,,,,7/16/2023,
181,34,6/23/2023,6/27/2023,,7/1/2023,8.00,7.81,,,,,,,,,,,,,,,,7/11/2023,
182,34,6/23/2023,6/27/2023,,,,,,,,,,,,,,,,,,,,6/29/2023,
183,34,6/23/2023,6/27/2023,,6/30/2023,7.00,9.03,,7/4/2023,11.00,51.55,,7/9/2023,16.00,85.53,no,,,,,,,7/9/2023,INT
184,34,6/23/2023,6/27/2023,,6/30/2023,7.00,6.96,,7/3/2023,10.00,24.2,,,,,,,,,,,,7/6/2023,
185,16,6/19/2023,6/27/2023,,7/3/2023,14.00,11.37,,,,,,,,,,,,,,,,7/13/2023,accidentally starved 24 hours
186,16,6/19/2023,6/27/2023,,7/3/2023,14.00,13.13,,7/9/2023,20.00,50.51,,7/22/2023,33.00,171.62,no,,,,,,,,accidentally starved 24 hours; INT
187,16,6/19/2023,6/27/2023,,7/4/2023,15.00,9.33,,7/11/2023,22.00,33.36,,7/23/2023,34.00,149.76,yes,,,,,,,,accidentally starved 24 hours
188,16,6/19/2023,6/27/2023,,7/2/2023,13.00,7.82,,7/9/2023,20.00,41.29,,7/20/2023,31.00,211.85,no,,,,,,,7/20/2023,"accidentally starved 24 hours, INT"
189,21,6/20/2023,6/27/2023,,6/30/2023,10.00,15.53,,7/3/2023,13.00,37.18,,7/10/2023,20.00,169.74,yes,,7/20/2023,30.00,94.48,female,yes,,
190,21,6/20/2023,6/27/2023,,6/29/2023,9.00,11.72,,7/3/2023,13.00,36.87,,7/10/2023,20.00,150.85,no,,,,,,,,INT
191,21,6/20/2023,6/27/2023,,6/30/2023,10.00,14.25,,7/3/2023,13.00,53.45,,7/10/2023,20.00,188.22,no,,,,,,,,INT
192,21,6/20/2023,6/27/2023,,7/1/2023,11.00,13.7,,,,,,,,,,,,,,,,7/6/2023,
193,21,6/21/2023,6/27/2023,,6/30/2023,9.00,8.3,,7/4/2023,13.00,41.43,,7/12/2023,21.00,220.48,yes,,7/23/2023,32.00,111.24,male,yes,,
194,21,6/21/2023,6/27/2023,,6/30/2023,9.00,10.96,,7/3/2023,12.00,48.34,,7/10/2023,19.00,205.08,yes,,7/22/2023,31.00,96.51,male,yes,,
195,21,6/20/2023,6/27/2023,,6/30/2023,10.00,12.28,,7/6/2023,16.00,59.33,,7/13/2023,23.00,171.02,yes,,,,,,,7/23/2023,died as pupa
196,21,6/19/2023,6/27/2023,,6/30/2023,11.00,8.06,,7/5/2023,16.00,31.51,,7/13/2023,24.00,175.96,yes,,7/23/2023,34.00,97.81,female,yes,,
197,21,6/19/2023,6/27/2023,,6/30/2023,11.00,15.62,,7/5/2023,16.00,39.22,,7/13/2023,24.00,180.67,yes,,7/23/2023,34.00,92.82,female,yes,,
198,21,6/19/2023,6/27/2023,,6/29/2023,10.00,10.25,,7/3/2023,14.00,46.81,,7/11/2023,22.00,190.17,yes,,7/21/2023,32.00,151.76,male,yes,,
199,21,6/19/2023,6/27/2023,,6/30/2023,11.00,11.32,,7/6/2023,17.00,71.48,,7/11/2023,22.00,174.72,yes,,7/22/2023,33.00,81.77,male,yes,,
200,21,6/21/2023,6/27/2023,,6/30/2023,9.00,11.04,,7/4/2023,13.00,49.4,,7/11/2023,20.00,201.55,no,,,,,,,7/11/2023,INT
201,21,6/21/2023,6/27/2023,,7/1/2023,10.00,12.02,,7/5/2023,14.00,73.54,,7/11/2023,20.00,228.67,yes,,7/22/2023,31.00,98.03,male,yes,,
202,26,6/19/2023,6/27/2023,,6/29/2023,10.00,10.33,,7/1/2023,12.00,29.23,,7/7/2023,18.00,155.11,no,,,,,,,,INT
203,26,6/19/2023,6/25/2023,,6/27/2023,8.00,10.11,,6/29/2023,10.00,30.84,,7/3/2023,14.00,159.36,yes,,,,,,,7/14/2023,died as pupa
204,26,6/19/2023,6/27/2023,,6/29/2023,10.00,11.23,,7/2/23,13.00,32.05,,7/10/2023,21.00,159.14,no,,,,,,,7/10/2023,INT
205,26,6/19/2023,6/25/2023,,6/27/2023,8.00,5.23,,7/1/2023,12.00,27.61,,7/6/2023,17.00,144.71,yes,,7/14/2023,25.00,70.5,female,yes,,
206,26,6/21/2023,6/27/2023,,6/29/2023,8.00,6.24,,7/3/2023,12.00,43.14,,7/9/2023,18.00,161.11,no,,,,,,,7/9/2023,INT
207,26,6/22/2023,6/27/2023,,6/29/2023,7.00,12.39,,7/1/2023,9.00,31.76,,7/7/2023,15.00,128.83,no,,,,,,,7/7/2023,INT
208,21,6/21/2023,6/28/2023,,7/1/2023,10.00,11.74,,7/5/2023,14.00,48.11,,7/11/2023,20.00,172.09,yes,,,,,,,7/24/2023,died as pupa
209,21,6/21/2023,6/28/2023,,7/2/2023,11.00,18.49,,7/6/2023,15.00,38.56,,7/14/2023,23.00,159.95,no,,,,,,,7/15/2023,INT
210,21,6/19/2023,6/28/2023,,7/1/2023,12.00,14.08,,7/6/2023,17.00,36.74,,7/14/2023,25.00,174.86,no,,,,,,,7/15/2023,INT
211,21,6/19/2023,6/28/2023,,7/1/2023,12.00,8.09,,7/6/2023,17.00,47.84,,7/14/2023,25.00,193.45,no,,,,,,,7/15/2023,INT
212,21,6/20/2023,6/28/2023,,7/3/2023,13.00,7.34,,7/10/2023,20.00,32.82,,7/20/2023,30.00,175.66,no,,,,,,,7/20/2023,INT
213,21,6/21/2023,6/28/2023,,,,,,,,,,,,,,,,,,,,7/3/2023,
214,21,6/21/2023,6/28/2023,,7/1/2023,10.00,12.39,,7/5/2023,14.00,41.58,,7/12/2023,21.00,238.83,yes,,7/23/2023,32.00,119.96,male,yes,,
215,21,6/23/2023,6/28/2023,,7/1/2023,8.00,9.36,,7/5/2023,12.00,32.37,,7/13/2023,20.00,183.41,yes,,7/23/2023,30.00,104.31,female,yes,,
216,26,6/22/2023,6/28/2023,,7/1/2023,9.00,11.38,,7/5/2023,13.00,51.44,,7/10/2023,18.00,143.02,yes,,7/18/2023,26.00,81.22,male,yes,,
217,26,6/22/2023,6/28/2023,,7/1/2023,9.00,11.55,,7/6/2023,14.00,30.22,,7/12/2023,20.00,165.38,yes,,7/20/2023,28.00,78.27,female,yes,,
218,26,6/23/2023,6/28/2023,,7/1/2023,8.00,13.89,,7/4/2023,11.00,33.8,,7/9/2023,16.00,167.14,yes,,,,,,,7/20/2023,died as pupa
219,26,6/23/2023,6/28/2023,,,,,,,,,,,,,,,,,,,,7/3/2023,
220,26,6/23/2023,6/28/2023,,6/30/2023,7.00,11.32,,7/3/2023,10.00,30.29,,,,,,,,,,,,7/6/2023,
221,16,6/20/2023,6/28/2023,,7/3/2023,13.00,8.6,,7/10/2023,20.00,32.27,,7/22/2023,32.00,193.22,no,,,,,,,,INT
222,16,6/20/2023,6/28/2023,,7/2/2023,12.00,9.14,,7/9/2023,19.00,48.74,,7/22/2023,32.00,203.62,no,,,,,,,,
223,16,6/20/2023,6/28/2023,,7/2/2023,12.00,9.66,,7/8/2023,18.00,40.42,,7/18/2023,28.00,214.94,yes,,,,,,,,
224,16,6/20/2023,6/28/2023,,7/5/2023,15.00,13.02,,7/11/2023,21.00,52.4,,7/22/2023,32.00,202.45,yes,,8/7/2023,48.00,161.25,,,,
225,16,6/20/2023,6/28/2023,,7/3/2023,13.00,7.91,,7/15/2023,25.00,127.88,,7/22/2023,32.00,210.74,no,,,,,,,,
226,16,6/20/2023,6/28/2023,,7/3/2023,13.00,11.23,,7/10/2023,20.00,58.4,,7/19/2023,29.00,204.83,yes,,8/7/2023,48.00,121.76,male,yes,,
227,16,6/19/2023,6/28/2023,,7/3/2023,14.00,9.56,,7/10/2023,21.00,52.86,,7/19/2023,30.00,183.91,no,,,,,,,7/19/2023,INT
228,30,6/23/2023,6/28/2023,,6/30/2023,7.00,8.22,,7/3/2023,10.00,42.76,,7/7/2023,14.00,182.37,yes,,7/13/2023,20.00,103.2,male,yes,,
229,30,6/23/2023,6/28/2023,,6/30/2023,7.00,16.41,,7/3/2023,10.00,48.36,,7/7/2023,14.00,177.74,yes,,7/13/2023,20.00,95.61,female,yes,,
230,34,6/23/2023,6/28/2023,,6/30/2023,7.00,13.49,,7/4/2023,11.00,57.71,,7/11/2023,18.00,94.99,no,,,,,,,7/11/2023,INT
231,34,6/23/2023,6/28/2023,,7/1/2023,8.00,12.29,,,,,,,,,,,,,,,,7/14/2023,
232,34,6/27/2023,6/29/2023,,7/1/2023,4.00,8.72,,7/4/2023,7.00,32.92,,7/9/2023,12.00,90.25,yes,,,,,,,7/15/2023,died trying to eclose
233,34,6/27/2023,6/29/2023,,7/1/2023,4.00,10.18,,,,,,,,,,,,,,,,7/14/2023,
234,34,6/27/2023,6/29/2023,,7/1/2023,4.00,5.06,,7/5/2023,8.00,39.62,,,,,,,,,,,,7/13/2023,diseased
235,16,6/20/2023,6/29/2023,,7/5/2023,15.00,14.23,,7/11/2023,21.00,50.32,,7/21/23,31.00,223.41,yes,,,,,,,,
236,16,6/20/2023,6/29/2023,,7/4/2023,14.00,16.49,,7/10/2023,20.00,45.95,,7/21/23,31.00,166.84,yes,,8/7/2023,48.00,86.28,female,yes,,
237,16,6/20/2023,6/29/2023,,7/5/2023,15.00,9.64,,7/11/2023,21.00,39.71,,7/20/2023,30.00,182.64,yes,,,,,,,8/4/2023,died as pupa
238,16,6/19/2023,6/29/2023,,7/4/2023,15.00,9.98,,7/11/2023,22.00,59.5,,7/22/2023,33.00,262.23,no,,,,,,,,
239,30,6/23/2023,6/29/2023,,7/1/2023,8.00,7.04,,7/4/23,11.00,32.83,,7/9/2023,16.00,191.08,yes,,,,,,,7/14/2023,died trying to eclose
240,30,6/23/2023,6/29/2023,,6/30/2023,7.00,10.66,,7/2/2023,9.00,28.31,,7/6/2023,13.00,149.95,yes,,7/12/2023,19.00,77.51,male,yes,,
241,30,6/25/2023,6/29/2023,,7/1/2023,6.00,7.44,,7/4/23,9.00,38.41,,7/8/2023,13.00,161.91,yes,,7/14/2023,19.00,95.36,female,yes,,
242,30,6/27/2023,6/29/2023,,7/1/2023,4.00,22.89,,7/2/2023,5.00,34.95,,7/6/2023,9.00,157.85,yes,,,,,,,7/14/2023,died as pupa
243,21,6/22/2023,6/29/2023,,7/2/2023,10.00,12.36,,7/7/2023,15.00,33.65,,7/15/2023,23.00,184.05,yes,,7/26/2023,34.00,76.44,female,yes,,
244,21,6/22/2023,6/29/2023,,7/1/2023,9.00,10.19,,7/5/2023,13.00,43.12,,7/12/2023,20.00,194.51,yes,,7/23/2023,31.00,79.69,male,yes,,
245,21,6/22/2023,6/29/2023,,7/1/2023,9.00,12.26,,7/5/2023,13.00,48.49,,7/11/2023,19.00,185.76,no,,,,,,,7/26/2023,"deformed pupa, died as pupa"
246,21,6/22/2023,6/29/2023,,7/2/2023,10.00,9.94,,7/8/2023,16.00,35.08,,7/14/2023,22.00,190.34,yes,,7/26/2023,34.00,93.98,female,yes,,
247,21,6/22/2023,6/29/2023,,,,,,,,,,,,,,,,,,,,7/1/2023,
248,21,6/22/2023,6/29/2023,,7/2/2023,10.00,8.69,,7/8/2023,16.00,34.73,,7/16/2023,24.00,128.7,yes,,7/27/2023,35.00,57.52,female,yes,,
249,16,6/19/2023,6/30/2023,,7/6/2023,17.00,9.08,,7/13/2023,24.00,44.37,,7/24/2023,35.00,185.33,yes,,7/25/2023,36.00,162.63,female,yes,,Had incorrect data in fourth column? 7/2/23  12.16; incorrect data in pupal colunms 7/14/2023	7/16/2023	212.94	yes
250,16,6/20/2023,6/30/2023,,7/5/2023,15.00,7.83,,7/14/2023,24.00,25.53,,7/28/2023,38.00,166.25,yes,,,,,,,,
251,16,6/20/2023,6/30/2023,,7/5/2023,15.00,11.14,,7/12/2023,22.00,48.41,,7/24/2023,34.00,177.81,NO,,,,,,,7/24/2023,INT
252,16,6/19/2023,6/30/2023,,7/7/2023,18.00,10.19,,7/15/2023,26.00,54.55,,7/24/2023,35.00,202.86,no,,,,,,,7/24/2023,INT
253,16,6/19/2023,6/30/2023,,7/5/2023,16.00,12.08,,7/11/2023,22.00,47.53,,7/22/2023,33.00,170.9,yes,,,,,,,,
254,16,6/23/2023,6/30/2023,,7/5/2023,12.00,13.3,,7/11/2023,18.00,45.18,,7/22/2023,29.00,216.7,yes,,,,,,,,
255,16,6/19/2023,6/30/2023,,7/5/2023,16.00,7.89,,7/11/2023,22.00,39.27,,7/22/2023,33.00,196.36,no,,,,,,,,
256,16,6/19/2023,6/30/2023,,7/5/2023,16.00,12.54,,7/11/2023,22.00,50.43,,7/21/23,32.00,196.48,yes,,,,,,,8/5/2023,died as pupa
257,16,6/19/2023,6/30/2023,,7/4/2023,15.00,10.25,,7/10/2023,21.00,50.14,,7/20/2023,31.00,202.04,yes,,,,,,,8/7/2023,died as pupa
258,30,6/27/2023,6/30/2023,,7/2/2023,5.00,10.89,,7/4/23,7.00,33.86,,7/8/2023,11.00,170.63,yes,,7/14/2023,17.00,99.71,female,no,,deformed wings
259,30,6/27/2023,6/30/2023,,7/2/2023,5.00,11.44,,7/4/23,7.00,34.27,,7/7/2023,10.00,129.63,yes,,,,,,,7/14/2023,died trying to eclose
260,30,6/27/2023,6/30/2023,,7/2/2023,5.00,17.09,,7/5/2023,8.00,95.41,,7/9/2023,12.00,188.72,yes,,7/16/2023,19.00,75.54,male,yes,,
261,30,6/27/2023,6/30/2023,,7/2/2023,5.00,,,7/3/2023,6.00,34.99,,7/7/2023,10.00,141.55,yes,,7/12/2023,15.00,71.21,female,yes,,
262,30,6/27/2023,6/30/2023,,7/2/2023,5.00,14.61,,7/4/23,7.00,44.35,,7/7/2023,10.00,168.64,yes,,,,,,,7/14/2023,died as pupa
263,30,6/27/2023,6/30/2023,,7/2/2023,5.00,15.06,,7/4/23,7.00,44.03,,7/7/2023,10.00,159.68,yes,,7/13/2023,16.00,150.05,female,no,7/13/2023,died trying to eclose
264,21,6/19/2023,6/30/2023,,7/4/2023,15.00,11.85,,7/9/2023,20.00,47.87,,7/15/2023,26.00,174.68,yes,,7/26/2023,37.00,80.77,female,yes,,
265,21,6/21/2023,6/30/2023,,7/3/2023,12.00,14.35,,7/7/2023,16.00,46.76,,7/15/2023,24.00,193.52,yes,,7/26/2023,35.00,82.87,male,yes,,
266,21,6/23/2023,6/30/2023,,7/5/2023,12.00,16.86,,7/11/2023,18.00,97.47,,7/16/2023,23.00,164.72,yes,,7/27/2023,34.00,107.26,female,yes,,
267,21,6/27/2023,6/30/2023,,7/3/2023,6.00,6.76,,7/8/2023,11.00,29.62,,7/16/2023,19.00,137.43,no,,,,,,,7/16/2023,INT
268,21,6/27/2023,6/30/2023,,7/3/2023,6.00,14.66,,7/8/2023,11.00,45.28,,7/15/2023,18.00,217.29,yes,,,,,,,8/1/2023,died as pupa
269,21,6/27/2023,6/30/2023,,7/3/2023,6.00,9.07,,7/7/2023,10.00,42.69,,7/15/2023,18.00,197.79,yes,,7/26/2023,29.00,135.13,male,yes,,
270,30,6/27/2023,7/1/2023,,7/3/2023,6.00,13.12,,7/6/2023,9.00,48.73,,7/10/2023,13.00,144.99,yes,,7/17/2023,20.00,77.36,male,no,,deformed wings
271,30,6/27/2023,6/30/2023,,7/2/2023,5.00,20.24,,7/4/23,7.00,50.96,,7/7/2023,10.00,150.68,yes,,7/13/2023,16.00,86.97,female,no,,deformed wings
272,30,6/27/2023,6/30/2023,,7/2/2023,5.00,13.83,,7/4/23,7.00,47.93,,7/7/2023,10.00,137.94,yes,,7/13/2023,16.00,61.55,male,yes,,
273,30,6/27/2023,6/30/2023,,7/2/2023,5.00,20.03,,7/4/23,7.00,49.5,,7/7/2023,10.00,153.71,yes,,,,,,,7/15/2023,died as pupa
274,30,6/27/2023,6/30/2023,,7/2/2023,5.00,17.9,,7/4/23,7.00,64.81,,7/7/2023,10.00,144.52,yes,,7/13/2023,16.00,97.22,female,no,,deformed wings
275,30,6/27/2023,6/30/2023,,7/2/2023,5.00,23.65,,7/3/2023,6.00,34.87,,7/7/2023,10.00,167.62,yes,,7/13/2023,16.00,98.23,male,no,,deformed wings
276,30,6/27/2023,6/30/2023,,7/2/2023,5.00,9.82,,7/4/23,7.00,34.62,,7/8/2023,11.00,159.96,yes,,,,,,,7/15/2023,died trying to eclose
277,30,6/27/2023,6/30/2023,,7/2/2023,5.00,9.35,,7/4/23,7.00,30.41,,7/8/2023,11.00,153.65,yes,,7/14/2023,17.00,101.94,female,no,,deformed wings
278,30,6/27/2023,7/1/2023,,7/3/2023,6.00,15.12,,7/5/2023,8.00,39.21,,7/9/2023,12.00,154.64,yes,,7/16/2023,19.00,65.14,female,,,
279,30,6/27/2023,7/1/2023,,7/3/2023,6.00,25.44,,7/5/2023,8.00,78.41,,7/8/2023,11.00,156.42,yes,,7/14/2023,17.00,90.34,female,yes,,
280,30,6/27/2023,7/1/2023,,7/4/2023,7.00,9.28,,7/7/2023,10.00,100.53,,7/10/2023,13.00,143.24,yes,,7/17/2023,20.00,75.13,female,yes,,
281,30,6/27/2023,7/1/2023,,7/2/2023,5.00,9.36,,7/5/2023,8.00,28.59,,7/9/2023,12.00,136.05,yes,,7/15/2023,18.00,76.84,male,yes,,
282,34,6/27/2023,7/1/2023,,7/4/2023,7.00,6.03,,,,,,,,,,,,,,,,7/14/2023,
283,34,6/27/2023,7/1/2023,,7/3/2023,6.00,6.81,,,,,,,,,,,,,,,,7/14/2023,
284,34,6/27/2023,7/1/2023,,7/3/2023,6.00,11.01,,,,,,,,,,,,,,,,7/10/2023,INT
285,34,6/27/2023,7/1/2023,,7/2/2023,5.00,10,,7/5/2023,8.00,42.55,,7/9/2023,12.00,127.21,no,,,,,,,7/9/2023,INT
286,34,6/28/2023,7/1/2023,,7/3/2023,5.00,7.41,,7/9/2023,11.00,29.85,,,,,,,,,,,,7/17/2023,turned black
287,16,6/20/2023,7/1/2023,,7/7/2023,17.00,19.11,,7/11/2023,21.00,37.05,,7/21/23,31.00,174.38,yes,,8/6/2023,47.00,117.84,female,yes,,
288,16,6/20/2023,7/1/2023,,7/8/2023,18.00,15.66,,,,,,,,,,,,,,,,7/11/2023,
289,16,6/21/2023,7/1/2023,,,,,,,,,,,,,,,,,,,,7/4/2023,
290,16,6/21/2023,7/1/2023,,,,,,,,,,,,,,,,,,,,7/5/2023,
291,16,6/21/2023,7/1/2023,,7/9/2023,18.00,12.23,,7/14/2023,23.00,43.23,,7/23/2023,32.00,172.8,no,,,,,,,7/23/2023,INT
292,16,6/20/2023,7/1/2023,,,,,,,,,,,,,,,,,,,,7/4/2023,
293,16,6/23/2023,7/1/2023,,7/5/2023,12.00,8.58,,7/13/2023,20.00,55.07,,7/23/2023,30.00,210.52,yes,,,,,,,,
294,16,6/23/2023,7/1/2023,,7/8/2023,15.00,13.62,,7/14/2023,21.00,58.33,,7/24/2023,31.00,233.12,no,,,,,,,7/24/2023,INT
295,16,6/21/2023,7/2/2023,,7/5/2023,14.00,11.23,,7/11/2023,20.00,53.81,,7/21/23,30.00,218.73,yes,,,,,,,,
296,16,6/21/2023,7/2/2023,,,,,,,,,,,,,,,,,,,,7/6/2023,
297,16,6/19/2023,7/2/2023,,7/9/2023,20.00,10.2,,7/18/2023,29.00,34.88,,7/30/2023,41.00,197.47,yes,,,,,,,,
298,16,6/19/2023,7/2/2023,,7/8/2023,19.00,10.76,,7/16/2023,27.00,36.87,,7/27/2023,38.00,162.51,no,,,,,,,,developed external wings as pupa
299,16,6/19/2023,7/2/2023,,7/8/2023,19.00,7.94,,7/14/2023,25.00,29.44,,7/25/2023,36.00,166.43,no,,,,,,,7/25/2023,INT
300,16,6/19/2023,7/2/2023,,7/7/2023,18.00,10.48,,7/13/2023,24.00,61.13,,7/22/2023,33.00,180.9,yes,,8/7/2023,49.00,113.3,female,yes,,
301,16,6/19/2023,7/2/2023,,7/8/2023,19.00,13.37,,7/15/2023,26.00,47.73,,7/27/2023,38.00,186.87,no,,,,,,,7/27/2023,INT
302,16,6/19/2023,7/2/2023,,7/8/2023,19.00,12.01,,7/15/2023,26.00,44.32,,7/27/2023,38.00,214.12,yes,,,,,,,,
303,16,6/20/2023,7/2/2023,,7/8/2023,18.00,9.88,,7/16/2023,26.00,40.43,,7/26/2023,36.00,181.59,yes,,,,,,,,
304,34,6/28/2023,7/2/2023,,7/5/2023,7.00,8.87,,,,,,,,,,,,,,,,7/18/2023,shriveled
305,34,6/28/2023,7/2/2023,,7/4/2023,6.00,11.38,,,,,,,,,,,,,,,,7/18/2023,shriveled
306,34,6/28/2023,7/2/2023,,7/4/2023,6.00,8.62,,,,,,,,,,,,,,,,7/16/2023,
307,34,6/28/2023,7/2/2023,,7/5/2023,7.00,10.2,,,,,,,,,,,,,,,,7/15/2023,shriveled
308,34,6/28/2023,7/2/2023,,7/5/2023,7.00,9.06,,,,,,,,,,,,,,,,7/18/2023,shriveled
309,30,6/28/2023,7/2/2023,,7/4/2023,6.00,8.67,,7/8/2023,10.00,31.86,,7/13/2023,15.00,120.05,yes,,7/20/2023,22.00,60.05,female,yes,,
310,30,6/28/2023,7/2/2023,,7/5/2023,7.00,23.81,,7/7/2023,9.00,47.94,,7/11/2023,13.00,128.66,no,,,,,,,7/11/2023,INT
311,30,6/28/2023,7/2/2023,,,,,,,,,,,,,,,,,,,,7/5/2023,
312,30,6/28/2023,7/2/2023,,,,,,,,,,,,,,,,,,,,7/6/2023,
313,30,6/27/2023,7/2/2023,,7/5/2023,8.00,16.84,,7/7/2023,10.00,41.54,,7/11/2023,14.00,115.19,yes,,7/18/2023,21.00,59.77,female,yes,,
314,16,6/21/2023,7/3/2023,,7/11/2023,20.00,13.99,,7/16/2023,25.00,43.65,,7/27/2023,36.00,182.52,no,,,,,,,7/27/2023,INT
315,16,6/21/2023,7/3/2023,,,,,,,,,,,,,,,,,,,,7/6/2023,
316,16,6/19/2023,7/3/2023,,7/10/2023,21.00,10.89,,7/17/2023,28.00,40.36,,8/2/2023,44.00,143.02,no,,,,,,,8/2/2023,INT
317,16,6/27/2023,7/3/2023,,7/10/2023,13.00,5.9,,,,,,,,,,,,,,,,7/14/2023,
318,16,6/27/2023,7/3/2023,,7/8/2023,11.00,11.92,,7/16/2023,19.00,46.35,,7/29/2023,32.00,240.02,no,,,,,,,7/29/2023,INT
319,16,6/27/2023,7/3/2023,,7/7/2023,10.00,9.14,,7/15/2023,18.00,36.84,,7/29/2023,32.00,166.39,no,,,,,,,7/29/2023,INT
320,30,6/27/2023,7/3/2023,,7/5/2023,8.00,10.82,,7/8/2023,11.00,36.17,,7/12/2023,15.00,161.02,yes,,,,,,,7/19/2023,died trying to eclose
321,30,6/27/2023,7/3/2023,,7/4/2023,7.00,13.47,,7/7/2023,10.00,22.43,,,,,,,,,,,,7/9/2023,
322,30,6/28/2023,7/3/2023,,7/5/2023,7.00,9.24,,7/8/2023,10.00,51.34,,7/14/2023,16.00,153.22,yes,,7/21/2023,23.00,103.11,male,no,,
323,21,6/27/2023,7/3/2023,,7/5/2023,8.00,13.9,,7/10/2023,13.00,70.59,,7/16/2023,19.00,222.52,yes,,7/27/2023,30.00,105.72,male,yes,,
324,21,6/27/2023,7/3/2023,,7/5/2023,8.00,14.74,,7/9/2023,12.00,52.31,,7/15/2023,18.00,169.59,yes,,7/26/2023,29.00,99.85,female,yes,,
325,21,6/27/2023,7/3/2023,,7/6/2023,9.00,9.85,,7/10/2023,13.00,46.97,,7/17/2023,20.00,188.7,yes,,,,,,,7/24/2023,weird pink disease as pupa
326,21,6/27/2023,7/3/2023,,7/5/2023,8.00,11.69,,7/14/2023,17.00,23.29,,7/24/2023,27.00,135.72,yes,,,,,,,,
327,21,6/27/2023,7/3/2023,,7/6/2023,9.00,13.41,,7/11/2023,14.00,32.92,,7/20/2023,23.00,171.44,yes,,7/29/2023,32.00,88.31,male,yes,,
328,21,6/27/2023,7/3/2023,,7/6/2023,9.00,16.23,,7/10/2023,13.00,68.09,,7/15/2023,18.00,197.59,no,,,,,,,7/16/2023,INT
329,21,6/27/2023,7/3/2023,,7/8/2023,11.00,21.78,,7/11/2023,14.00,74.31,,7/17/2023,20.00,196.16,yes,,7/28/2023,31.00,88.75,female,yes,,
330,21,6/27/2023,7/3/2023,,7/8/2023,11.00,26.29,,7/10/2023,13.00,37.73,,7/17/2023,20.00,185.49,no,,,,,,,7/18/2023,INT
331,21,6/25/2023,7/3/2023,,7/8/2023,13.00,13.43,,7/12/2023,17.00,38.14,,,,,,,,,,,,7/13/2023,turned black
332,21,6/25/2023,7/3/2023,,7/6/2023,11.00,9.61,,7/10/2023,15.00,42.52,,7/16/2023,21.00,193.06,yes,,7/26/2023,31.00,141.55,female,yes,,
333,21,6/25/2023,7/3/2023,,7/5/2023,10.00,13.52,,7/10/2023,15.00,67.98,,7/16/2023,21.00,189.25,yes,,7/26/2023,31.00,158.28,Female,yes,,
334,21,6/26/2023,7/3/2023,,7/6/2023,10.00,12.42,,7/10/2023,14.00,29.98,,,,,,,,,,,,7/14/2023,
335,21,6/26/2023,7/3/2023,,7/8/2023,12.00,7.41,,7/13/2023,17.00,48.51,,7/20/2023,24.00,182.48,yes,,7/30/2023,34.00,100.62,female,yes,,
336,21,6/26/2023,7/3/2023,,7/6/2023,10.00,13.72,,7/10/2023,14.00,90.42,,7/17/2023,21.00,209.59,no,,,,,,,7/20/2023,INT
337,21,6/26/2023,7/3/2023,,7/8/2023,12.00,9.21,,7/13/2023,17.00,38.57,,7/20/2023,24.00,204.18,yes,,7/30/2023,34.00,115.99,male,yes,,
338,21,6/22/2023,7/3/2023,,7/5/2023,13.00,10.27,,7/10/2023,18.00,33.65,,7/20/2023,28.00,175.04,no,,,,,,,7/20/2023,INT
339,21,6/23/2023,7/3/2023,,7/6/2023,13.00,10.75,,7/10/2023,17.00,52.6,,7/17/2023,24.00,234.07,no,,,,,,,7/17/2023,INT
340,34,6/27/2023,7/4/2023,,,,,,,,,,,,,,,,,,,,7/18/2023,shriveled
341,34,6/27/2023,7/4/2023,,,,,,,,,,,,,,,,,,,,7/6/2023,
342,16,6/27/2023,7/4/2023,,7/9/2023,12.00,10.02,,7/16/2023,19.00,57.87,,7/27/2023,30.00,257.34,no,,,,,,,7/27/2023,INT
343,16,6/27/2023,7/4/2023,,7/8/2023,11.00,11.59,,7/14/2023,17.00,41.22,,7/24/2023,27.00,180.78,yes,,,,,,,,
344,16,6/21/2023,7/4/2023,,7/10/2023,19.00,10.44,,7/17/2023,26.00,66.31,,7/29/2023,38.00,188.93,yes,,,,,,,,
345,16,6/20/2023,7/4/2023,,,,,,,,,,,,,,,,,,,,7/6/2023,disappeared? 
346,16,6/23/2023,7/4/2023,,7/12/2023,19.00,9.55,,7/20/2023,27.00,56.75,,8/1/2023,39.00,226.16,no,,,,,,,8/1/2023,INT
347,16,6/27/2023,7/4/2023,,7/10/2023,13.00,10.57,,7/16/2023,19.00,44.71,,7/29/2023,32.00,175.1,yes,,,,,,,7/29/2023,INT
348,16,6/27/2023,7/4/2023,,7/11/2023,14.00,9.21,,7/20/2023,23.00,51.58,,7/30/2023,33.00,176.92,no,,,,,,,7/30/2023,INT
349,21,6/19/2023,7/4/2023,,7/8/2023,19.00,8.39,,7/13/2023,24.00,58.57,,7/20/2023,31.00,182.58,yes,,,,,,,8/4/2023,died as pupa
350,21,6/27/2023,7/4/2023,,7/8/2023,11.00,7.42,,7/12/2023,15.00,38.02,,7/20/2023,23.00,179.97,yes,,7/30/2023,33.00,77.33,female,yes,,
351,21,6/27/2023,7/4/2023,,,,,,,,,,,,,,,,,,,,7/8/2023,
352,21,6/27/2023,7/4/2023,,7/7/2023,10.00,7.09,,7/12/2023,15.00,38.31,,7/20/2023,23.00,182.19,yes,,7/30/2023,33.00,73.03,female,yes,,
353,21,6/25/2023,7/4/2023,,7/8/2023,13.00,9.23,,7/13/2023,18.00,67.92,,7/20/2023,25.00,180.92,yes,,,,,,,8/4/2023,died as pupa
354,21,6/28/2023,7/4/2023,,7/8/2023,10.00,9.28,,7/13/2023,15.00,40.71,,7/20/2023,22.00,138.54,yes,,,,,,,8/3/2023,died as pupa
355,21,6/28/2023,7/4/2023,,7/9/2023,11.00,13.15,,,,,,7/21/23,23.00,175.2,no,,,,,,,7/23/2023,INT
356,16,6/21/2023,7/5/2023,,7/11/2023,20.00,9.91,,7/19/2023,28.00,36.54,,7/30/2023,39.00,163.99,yes,,,,,,,,
357,16,6/28/2023,7/5/2023,,7/9/2023,11.00,8.24,,7/15/2023,17.00,34.58,,7/25/2023,27.00,192.71,no,,,,,,,7/25/2023,INT
358,16,6/19/2023,7/5/2023,,7/10/2023,21.00,9.02,,7/17/2023,28.00,36.21,,7/27/2023,38.00,188.38,yes,,,,,,,,
359,16,6/23/2023,7/5/2023,,,,,,,,,,,,,,,,,,,,7/15/2023,shriveled
360,16,6/25/2023,7/5/2023,,,,,,,,,,,,,,,,,,,,7/8/2023,
361,21,6/28/2023,7/5/2023,,7/8/2023,10.00,11.07,,7/12/2023,14.00,58.88,,7/20/2023,22.00,183,yes,,7/29/2023,31.00,82.03,female,yes,,
362,21,6/28/2023,7/5/2023,,7/8/2023,10.00,11.81,,7/11/2023,13.00,30.61,,7/17/2023,19.00,152.02,yes,,7/27/2023,29.00,91.18,female,yes,,
363,21,6/28/2023,7/5/2023,,7/8/2023,10.00,13.28,,7/14/2023,16.00,66.71,,7/21/23,23.00,224.91,yes,,7/31/2023,33.00,158.71,male,yes,,
364,21,6/28/2023,7/5/2023,,7/9/2023,11.00,7.51,,7/13/2023,15.00,45.81,,7/20/2023,22.00,156.61,yes,,7/31/2023,33.00,100.34,male,no,,deformed wings
365,21,6/26/2023,7/5/2023,,7/9/2023,13.00,17.59,,7/13/2023,17.00,73.7,,7/20/2023,24.00,223.86,yes,,7/30/2023,34.00,111.15,male,yes,,
366,21,6/27/2023,7/5/2023,,,,,,,,,,,,,,,,,,,,7/9/2023,
367,16,6/27/2023,7/6/2023,,7/12/2023,15.00,6.3,,7/20/2023,23.00,38.17,,7/30/2023,33.00,191.13,yes,,,,,,,,
368,21,6/27/2023,7/6/2023,,7/9/2023,12.00,,,7/15/2023,18.00,125.37,,7/20/2023,23.00,211.17,yes,,8/1/2023,35.00,130.81,female,yes,,
369,16,6/20/2023,7/7/2023,,7/14/2023,24.00,9.74,,7/20/2023,30.00,49.76,,7/30/2023,40.00,208.05,no,,,,,,,7/30/2023,INT
370,16,6/21/2023,7/7/2023,,7/13/2023,22.00,8.32,,7/21/23,30.00,50.26,,8/3/2023,43.00,230.7,no,,,,,,,8/3/2023,INT
371,16,6/27/2023,7/7/2023,,7/13/2023,16.00,7.76,,7/21/2023,24.00,47.21,,7/31/2023,34.00,209.31,yes,,,,,,,,
372,16,6/25/2023,7/7/2023,,7/13/2023,18.00,7.06,,7/21/23,26.00,44,,7/31/2023,36.00,192.31,no,,,,,,,7/31/2023,INT
373,16,6/28/2023,7/7/2023,,7/12/2023,14.00,6.86,,7/19/2023,21.00,45.84,,7/29/2023,31.00,217.77,no,,,,,,,7/29/2023,INT
374,16,6/28,7/7/2023,,7/12/2023,14.00,7.75,,7/18/2023,20.00,54.91,,7/28/2023,30.00,218.49,no,,,,,,,7/28/2023,INT
375,16,6/27/2023,7/8/2023,,7/15/2023,18.00,5.96,,7/22/2023,25.00,34.65,,8/2/2023,36.00,184.28,yes,,,,,,,8/4/2023,died as pupa
376,16,6/23/2023,7/8/2023,,7/14/2023,21.00,7.41,,7/22/2023,29.00,27.9,,8/6/2023,44.00,,yes,,,,,,,,
377,16,6/23/2023,7/8/2023,,7/14/2023,21.00,12.33,,7/22/2023,29.00,31.66,,8/4/2023,42.00,172.3,no,,,,,,,8/4/2023,INT
378,16,6/28/2023,7/8/2023,,7/15/2023,17.00,6.06,,7/21/23,23.00,35.8,,7/31/2023,33.00,176.3,no,,,,,,,7/31/2023,INT
379,16,6/27/2023,7/9/2023,,7/14/2023,17.00,9.49,,7/20/2023,23.00,40.82,,8/1/2023,35.00,208.78,no,,,,,,,8/1/2023,INT
380,16,6/28/2023,7/9/2023,,7/18/2023,20.00,14.45,,7/26/2023,28.00,36.13,,8/7/2023,40.00,,yes,,,,,,,,
381,16,6/27/2023,7/10/2023,,7/18/2023,21.00,,,7/22/2023,25.00,54.25,,8/3/2023,37.00,269.75,no,,,,,,,8/3/2023,INT
382,16,6/27/2023,7/10/2023,,7/15/2023,18.00,9.95,,7/24/2023,27.00,48.76,,8/4/2023,38.00,209.65,yes,,,,,,,,
383,16,6/23/2023,7/11/2023,,,,,,,,,,,,,,,,,,,,7/14/2023,
384,16,6/22/2023,7/11/2023,,7/18/2023,26.00,20.38,,7/22/2023,30.00,50.17,,8/1/2023,40.00,218.47,yes,,,,,,,,
385,16,6/28/2023,7/11/2023,,7/16/2023,18.00,8.97,,7/22/2023,24.00,40.17,,8/2/2023,35.00,197.97,yes,,,,,,,,
386,16,6/28/2023,7/11/2023,,7/18/2023,20.00,8.07,,7/22/2023,24.00,40.64,,8/3/2023,36.00,180.91,no,,,,,,,,
387,16,6/28/2023,7/11/2023,,7/18/2023,20.00,10.15,,7/22/2023,24.00,48.54,,8/4/2023,37.00,231.24,,,,,,,,8/4/2023,INT